Date,GTDEM10YR 
2010-01-04,3.391
2010-01-05,3.373
2010-01-06,3.381
2010-01-07,3.37
2010-01-08,3.385
2010-01-11,3.347
2010-01-12,3.313
2010-01-13,3.303
2010-01-14,3.298
2010-01-15,3.262
2010-01-18,3.248
2010-01-19,3.277
2010-01-20,3.223
2010-01-21,3.207
2010-01-22,3.215
2010-01-25,3.217
2010-01-26,3.207
2010-01-27,3.2
2010-01-28,3.201
2010-01-29,3.196
2010-02-01,3.186
2010-02-02,3.195
2010-02-03,3.223
2010-02-04,3.163
2010-02-05,3.12
2010-02-08,3.145
2010-02-09,3.152
2010-02-10,3.198
2010-02-11,3.234
2010-02-12,3.192
2010-02-15,3.204
2010-02-16,3.205
2010-02-17,3.194
2010-02-18,3.251
2010-02-19,3.285
2010-02-22,3.27
2010-02-23,3.167
2010-02-24,3.135
2010-02-25,3.11
2010-02-26,3.101
2010-03-01,3.108
2010-03-02,3.116
2010-03-03,3.138
2010-03-04,3.123
2010-03-05,3.156
2010-03-08,3.165
2010-03-09,3.132
2010-03-10,3.153
2010-03-11,3.179
2010-03-12,3.167
2010-03-15,3.155
2010-03-16,3.139
2010-03-17,3.111
2010-03-18,3.127
2010-03-19,3.109
2010-03-22,3.07
2010-03-23,3.056
2010-03-24,3.079
2010-03-25,3.152
2010-03-26,3.15
2010-03-29,3.132
2010-03-30,3.11
2010-03-31,3.092
2010-04-01,3.088
2010-04-02,3.088
2010-04-05,3.09
2010-04-06,3.143
2010-04-07,3.119
2010-04-08,3.096
2010-04-09,3.166
2010-04-12,3.177
2010-04-13,3.146
2010-04-14,3.138
2010-04-15,3.132
2010-04-16,3.084
2010-04-19,3.078
2010-04-20,3.098
2010-04-21,3.079
2010-04-22,3.052
2010-04-23,3.061
2010-04-26,3.046
2010-04-27,2.939
2010-04-28,3.037
2010-04-29,3.062
2010-04-30,3.017
2010-05-03,3.065
2010-05-04,2.949
2010-05-05,2.861
2010-05-06,2.793
2010-05-07,2.797
2010-05-10,2.955
2010-05-11,2.937
2010-05-12,2.942
2010-05-13,2.94
2010-05-14,2.86
2010-05-17,2.863
2010-05-18,2.831
2010-05-19,2.766
2010-05-20,2.685
2010-05-21,2.666
2010-05-24,2.655
2010-05-25,2.578
2010-05-26,2.645
2010-05-27,2.704
2010-05-28,2.682
2010-05-31,2.66
2010-06-01,2.675
2010-06-02,2.655
2010-06-03,2.676
2010-06-04,2.584
2010-06-07,2.563
2010-06-08,2.512
2010-06-09,2.567
2010-06-10,2.61
2010-06-11,2.566
2010-06-14,2.638
2010-06-15,2.674
2010-06-16,2.671
2010-06-17,2.663
2010-06-18,2.729
2010-06-21,2.766
2010-06-22,2.692
2010-06-23,2.647
2010-06-24,2.602
2010-06-25,2.611
2010-06-28,2.585
2010-06-29,2.559
2010-06-30,2.577
2010-07-01,2.566
2010-07-02,2.583
2010-07-05,2.543
2010-07-06,2.589
2010-07-07,2.598
2010-07-08,2.632
2010-07-09,2.634
2010-07-12,2.589
2010-07-13,2.641
2010-07-14,2.655
2010-07-15,2.653
2010-07-16,2.606
2010-07-19,2.65
2010-07-20,2.636
2010-07-21,2.638
2010-07-22,2.665
2010-07-23,2.706
2010-07-26,2.761
2010-07-27,2.77
2010-07-28,2.749
2010-07-29,2.717
2010-07-30,2.669
2010-08-02,2.698
2010-08-03,2.607
2010-08-04,2.604
2010-08-05,2.562
2010-08-06,2.519
2010-08-09,2.525
2010-08-10,2.537
2010-08-11,2.428
2010-08-12,2.421
2010-08-13,2.393
2010-08-16,2.33
2010-08-17,2.363
2010-08-18,2.347
2010-08-19,2.312
2010-08-20,2.271
2010-08-23,2.286
2010-08-24,2.18
2010-08-25,2.146
2010-08-26,2.157
2010-08-27,2.2
2010-08-30,2.135
2010-08-31,2.116
2010-09-01,2.224
2010-09-02,2.283
2010-09-03,2.354
2010-09-06,2.336
2010-09-07,2.255
2010-09-08,2.297
2010-09-09,2.336
2010-09-10,2.4
2010-09-13,2.427
2010-09-14,2.371
2010-09-15,2.404
2010-09-16,2.478
2010-09-17,2.427
2010-09-20,2.467
2010-09-21,2.453
2010-09-22,2.349
2010-09-23,2.285
2010-09-24,2.342
2010-09-27,2.269
2010-09-28,2.246
2010-09-29,2.24
2010-09-30,2.278
2010-10-01,2.286
2010-10-04,2.252
2010-10-05,2.279
2010-10-06,2.224
2010-10-07,2.262
2010-10-08,2.254
2010-10-11,2.272
2010-10-12,2.243
2010-10-13,2.282
2010-10-14,2.295
2010-10-15,2.371
2010-10-18,2.385
2010-10-19,2.414
2010-10-20,2.44
2010-10-21,2.484
2010-10-22,2.474
2010-10-25,2.45
2010-10-26,2.507
2010-10-27,2.565
2010-10-28,2.564
2010-10-29,2.518
2010-11-01,2.481
2010-11-02,2.47
2010-11-03,2.418
2010-11-04,2.396
2010-11-05,2.417
2010-11-08,2.39
2010-11-09,2.407
2010-11-10,2.441
2010-11-11,2.435
2010-11-12,2.512
2010-11-15,2.563
2010-11-16,2.622
2010-11-17,2.601
2010-11-18,2.704
2010-11-19,2.703
2010-11-22,2.65
2010-11-23,2.552
2010-11-24,2.711
2010-11-25,2.712
2010-11-26,2.734
2010-11-29,2.757
2010-11-30,2.67
2010-12-01,2.78
2010-12-02,2.819
2010-12-03,2.857
2010-12-06,2.853
2010-12-07,2.948
2010-12-08,3.014
2010-12-09,2.947
2010-12-10,2.954
2010-12-13,2.976
2010-12-14,3.026
2010-12-15,3.03
2010-12-16,3.065
2010-12-17,3.029
2010-12-20,2.967
2010-12-21,2.986
2010-12-22,2.952
2010-12-23,2.977
2010-12-24,2.982
2010-12-27,3.031
2010-12-28,2.976
2010-12-29,3.018
2010-12-30,2.959
2010-12-31,2.963
2011-01-03,2.922
2011-01-04,2.891
2011-01-05,2.938
2011-01-06,2.913
2011-01-07,2.869
2011-01-10,2.87
2011-01-11,2.925
2011-01-12,3.052
2011-01-13,3.044
2011-01-14,3.028
2011-01-17,3.038
2011-01-18,3.115
2011-01-19,3.105
2011-01-20,3.163
2011-01-21,3.176
2011-01-24,3.15
2011-01-25,3.144
2011-01-26,3.183
2011-01-27,3.205
2011-01-28,3.146
2011-01-31,3.153
2011-02-01,3.219
2011-02-02,3.257
2011-02-03,3.214
2011-02-04,3.259
2011-02-07,3.25
2011-02-08,3.253
2011-02-09,3.305
2011-02-10,3.299
2011-02-11,3.292
2011-02-14,3.294
2011-02-15,3.28
2011-02-16,3.235
2011-02-17,3.181
2011-02-18,3.252
2011-02-21,3.182
2011-02-22,3.144
2011-02-23,3.138
2011-02-24,3.129
2011-02-25,3.15
2011-02-28,3.169
2011-03-01,3.177
2011-03-02,3.195
2011-03-03,3.325
2011-03-04,3.272
2011-03-07,3.271
2011-03-08,3.304
2011-03-09,3.289
2011-03-10,3.248
2011-03-11,3.212
2011-03-14,3.225
2011-03-15,3.136
2011-03-16,3.089
2011-03-17,3.167
2011-03-18,3.187
2011-03-21,3.232
2011-03-22,3.256
2011-03-23,3.235
2011-03-24,3.243
2011-03-25,3.278
2011-03-28,3.289
2011-03-29,3.331
2011-03-30,3.338
2011-03-31,3.352
2011-04-01,3.371
2011-04-04,3.367
2011-04-05,3.391
2011-04-06,3.429
2011-04-07,3.42
2011-04-08,3.48
2011-04-11,3.489
2011-04-12,3.44
2011-04-13,3.434
2011-04-14,3.427
2011-04-15,3.377
2011-04-18,3.246
2011-04-19,3.274
2011-04-20,3.303
2011-04-21,3.259
2011-04-22,3.259
2011-04-25,3.259
2011-04-26,3.247
2011-04-27,3.29
2011-04-28,3.262
2011-04-29,3.238
2011-05-02,3.244
2011-05-03,3.277
2011-05-04,3.294
2011-05-05,3.213
2011-05-06,3.169
2011-05-09,3.102
2011-05-10,3.121
2011-05-11,3.127
2011-05-12,3.107
2011-05-13,3.076
2011-05-16,3.115
2011-05-17,3.092
2011-05-18,3.119
2011-05-19,3.112
2011-05-20,3.055
2011-05-23,3.013
2011-05-24,3.068
2011-05-25,3.047
2011-05-26,2.995
2011-05-27,2.984
2011-05-30,2.975
2011-05-31,3.019
2011-06-01,2.986
2011-06-02,2.989
2011-06-03,3.057
2011-06-06,3.023
2011-06-07,3.092
2011-06-08,3.053
2011-06-09,3.029
2011-06-10,2.96
2011-06-13,2.957
2011-06-14,3.013
2011-06-15,2.952
2011-06-16,2.915
2011-06-17,2.958
2011-06-20,2.963
2011-06-21,2.978
2011-06-22,2.941
2011-06-23,2.865
2011-06-24,2.833
2011-06-27,2.889
2011-06-28,2.932
2011-06-29,2.982
2011-06-30,3.023
2011-07-01,3.032
2011-07-04,3.018
2011-07-05,3.007
2011-07-06,2.932
2011-07-07,2.965
2011-07-08,2.828
2011-07-11,2.67
2011-07-12,2.709
2011-07-13,2.746
2011-07-14,2.736
2011-07-15,2.694
2011-07-18,2.646
2011-07-19,2.676
2011-07-20,2.765
2011-07-21,2.876
2011-07-22,2.826
2011-07-25,2.762
2011-07-26,2.738
2011-07-27,2.65
2011-07-28,2.632
2011-07-29,2.537
2011-08-01,2.452
2011-08-02,2.414
2011-08-03,2.401
2011-08-04,2.299
2011-08-05,2.345
2011-08-08,2.26
2011-08-09,2.363
2011-08-10,2.19
2011-08-11,2.314
2011-08-12,2.332
2011-08-15,2.324
2011-08-16,2.323
2011-08-17,2.201
2011-08-18,2.086
2011-08-19,2.103
2011-08-22,2.101
2011-08-23,2.126
2011-08-24,2.205
2011-08-25,2.183
2011-08-26,2.154
2011-08-29,2.224
2011-08-30,2.15
2011-08-31,2.217
2011-09-01,2.143
2011-09-02,2.006
2011-09-05,1.845
2011-09-06,1.846
2011-09-07,1.905
2011-09-08,1.868
2011-09-09,1.77
2011-09-12,1.741
2011-09-13,1.792
2011-09-14,1.876
2011-09-15,1.927
2011-09-16,1.861
2011-09-19,1.799
2011-09-20,1.789
2011-09-21,1.77
2011-09-22,1.673
2011-09-23,1.745
2011-09-26,1.827
2011-09-27,1.96
2011-09-28,2.01
2011-09-29,2.005
2011-09-30,1.885
2011-10-03,1.814
2011-10-04,1.724
2011-10-05,1.838
2011-10-06,1.94
2011-10-07,2
2011-10-10,2.081
2011-10-11,2.087
2011-10-12,2.188
2011-10-13,2.104
2011-10-14,2.197
2011-10-17,2.097
2011-10-18,2.011
2011-10-19,2.057
2011-10-20,1.996
2011-10-21,2.104
2011-10-24,2.12
2011-10-25,2.057
2011-10-26,2.036
2011-10-27,2.205
2011-10-28,2.176
2011-10-31,2.024
2011-11-01,1.767
2011-11-02,1.825
2011-11-03,1.911
2011-11-04,1.822
2011-11-07,1.778
2011-11-08,1.799
2011-11-09,1.719
2011-11-10,1.776
2011-11-11,1.886
2011-11-14,1.779
2011-11-15,1.78
2011-11-16,1.813
2011-11-17,1.89
2011-11-18,1.964
2011-11-21,1.913
2011-11-22,1.917
2011-11-23,2.145
2011-11-24,2.191
2011-11-25,2.26
2011-11-28,2.297
2011-11-29,2.327
2011-11-30,2.276
2011-12-01,2.175
2011-12-02,2.131
2011-12-05,2.2
2011-12-06,2.184
2011-12-07,2.1
2011-12-08,2.013
2011-12-09,2.146
2011-12-12,2.017
2011-12-13,2.024
2011-12-14,1.917
2011-12-15,1.942
2011-12-16,1.849
2011-12-19,1.878
2011-12-20,1.951
2011-12-21,1.931
2011-12-22,1.941
2011-12-23,1.957
2011-12-26,1.957
2011-12-27,1.917
2011-12-28,1.891
2011-12-29,1.839
2011-12-30,1.825
2012-01-02,1.902
2012-01-03,1.895
2012-01-04,1.921
2012-01-05,1.861
2012-01-06,1.851
2012-01-09,1.842
2012-01-10,1.881
2012-01-11,1.812
2012-01-12,1.832
2012-01-13,1.762
2012-01-16,1.767
2012-01-17,1.789
2012-01-18,1.782
2012-01-19,1.857
2012-01-20,1.927
2012-01-23,1.969
2012-01-24,1.991
2012-01-25,1.943
2012-01-26,1.869
2012-01-27,1.856
2012-01-30,1.791
2012-01-31,1.786
2012-02-01,1.85
2012-02-02,1.85
2012-02-03,1.931
2012-02-06,1.886
2012-02-07,1.962
2012-02-08,1.981
2012-02-09,2.015
2012-02-10,1.905
2012-02-13,1.93
2012-02-14,1.901
2012-02-15,1.86
2012-02-16,1.895
2012-02-17,1.923
2012-02-20,1.959
2012-02-21,1.98
2012-02-22,1.89
2012-02-23,1.882
2012-02-24,1.882
2012-02-27,1.828
2012-02-28,1.799
2012-02-29,1.817
2012-03-01,1.863
2012-03-02,1.799
2012-03-05,1.825
2012-03-06,1.776
2012-03-07,1.771
2012-03-08,1.797
2012-03-09,1.793
2012-03-12,1.756
2012-03-13,1.82
2012-03-14,1.953
2012-03-15,1.966
2012-03-16,2.049
2012-03-19,2.054
2012-03-20,2.039
2012-03-21,1.978
2012-03-22,1.91
2012-03-23,1.864
2012-03-26,1.952
2012-03-27,1.888
2012-03-28,1.831
2012-03-29,1.806
2012-03-30,1.792
2012-04-02,1.803
2012-04-03,1.802
2012-04-04,1.787
2012-04-05,1.734
2012-04-06,1.734
2012-04-09,1.734
2012-04-10,1.641
2012-04-11,1.778
2012-04-12,1.787
2012-04-13,1.733
2012-04-16,1.716
2012-04-17,1.749
2012-04-18,1.719
2012-04-19,1.691
2012-04-20,1.707
2012-04-23,1.643
2012-04-24,1.697
2012-04-25,1.74
2012-04-26,1.682
2012-04-27,1.697
2012-04-30,1.662
2012-05-01,1.662
2012-05-02,1.608
2012-05-03,1.611
2012-05-04,1.583
2012-05-07,1.603
2012-05-08,1.541
2012-05-09,1.516
2012-05-10,1.538
2012-05-11,1.515
2012-05-14,1.456
2012-05-15,1.469
2012-05-16,1.468
2012-05-17,1.411
2012-05-18,1.424
2012-05-21,1.43
2012-05-22,1.467
2012-05-23,1.383
2012-05-24,1.39
2012-05-25,1.368
2012-05-28,1.363
2012-05-29,1.358
2012-05-30,1.267
2012-05-31,1.199
2012-06-01,1.172
2012-06-04,1.207
2012-06-05,1.206
2012-06-06,1.334
2012-06-07,1.373
2012-06-08,1.328
2012-06-11,1.304
2012-06-12,1.424
2012-06-13,1.487
2012-06-14,1.486
2012-06-15,1.436
2012-06-18,1.41
2012-06-19,1.528
2012-06-20,1.613
2012-06-21,1.533
2012-06-22,1.58
2012-06-25,1.462
2012-06-26,1.504
2012-06-27,1.566
2012-06-28,1.512
2012-06-29,1.581
2012-07-02,1.518
2012-07-03,1.531
2012-07-04,1.452
2012-07-05,1.381
2012-07-06,1.326
2012-07-09,1.32
2012-07-10,1.319
2012-07-11,1.27
2012-07-12,1.248
2012-07-13,1.258
2012-07-16,1.231
2012-07-17,1.231
2012-07-18,1.198
2012-07-19,1.216
2012-07-20,1.166
2012-07-23,1.174
2012-07-24,1.235
2012-07-25,1.261
2012-07-26,1.32
2012-07-27,1.397
2012-07-30,1.374
2012-07-31,1.284
2012-08-01,1.367
2012-08-02,1.225
2012-08-03,1.422
2012-08-06,1.394
2012-08-07,1.483
2012-08-08,1.42
2012-08-09,1.433
2012-08-10,1.384
2012-08-13,1.401
2012-08-14,1.467
2012-08-15,1.562
2012-08-16,1.525
2012-08-17,1.494
2012-08-20,1.508
2012-08-21,1.556
2012-08-22,1.46
2012-08-23,1.376
2012-08-24,1.353
2012-08-27,1.351
2012-08-28,1.34
2012-08-29,1.38
2012-08-30,1.321
2012-08-31,1.333
2012-09-03,1.377
2012-09-04,1.39
2012-09-05,1.478
2012-09-06,1.558
2012-09-07,1.518
2012-09-10,1.546
2012-09-11,1.542
2012-09-12,1.616
2012-09-13,1.553
2012-09-14,1.705
2012-09-17,1.671
2012-09-18,1.636
2012-09-19,1.621
2012-09-20,1.573
2012-09-21,1.596
2012-09-24,1.558
2012-09-25,1.583
2012-09-26,1.455
2012-09-27,1.457
2012-09-28,1.441
2012-10-01,1.449
2012-10-02,1.455
2012-10-03,1.446
2012-10-04,1.446
2012-10-05,1.52
2012-10-08,1.474
2012-10-09,1.473
2012-10-10,1.489
2012-10-11,1.501
2012-10-12,1.444
2012-10-15,1.472
2012-10-16,1.543
2012-10-17,1.633
2012-10-18,1.632
2012-10-19,1.593
2012-10-22,1.617
2012-10-23,1.571
2012-10-24,1.555
2012-10-25,1.582
2012-10-26,1.536
2012-10-29,1.457
2012-10-30,1.478
2012-10-31,1.462
2012-11-01,1.454
2012-11-02,1.449
2012-11-05,1.427
2012-11-06,1.438
2012-11-07,1.379
2012-11-08,1.363
2012-11-09,1.347
2012-11-12,1.343
2012-11-13,1.338
2012-11-14,1.341
2012-11-15,1.338
2012-11-16,1.33
2012-11-19,1.355
2012-11-20,1.417
2012-11-21,1.43
2012-11-22,1.43
2012-11-23,1.435
2012-11-26,1.413
2012-11-27,1.439
2012-11-28,1.368
2012-11-29,1.366
2012-11-30,1.385
2012-12-03,1.409
2012-12-04,1.393
2012-12-05,1.347
2012-12-06,1.295
2012-12-07,1.294
2012-12-10,1.305
2012-12-11,1.318
2012-12-12,1.334
2012-12-13,1.352
2012-12-14,1.347
2012-12-17,1.372
2012-12-18,1.41
2012-12-19,1.429
2012-12-20,1.416
2012-12-21,1.375
2012-12-27,1.314
2012-12-28,1.308
2012-12-31,1.314
2013-01-01,1.314
2013-01-02,1.441
2013-01-03,1.478
2013-01-04,1.535
2013-01-07,1.515
2013-01-08,1.49
2013-01-09,1.476
2013-01-10,1.56
2013-01-11,1.582
2013-01-14,1.55
2013-01-15,1.576
2013-01-16,1.565
2013-01-17,1.607
2013-01-18,1.554
2013-01-21,1.593
2013-01-22,1.572
2013-01-23,1.543
2013-01-24,1.571
2013-01-25,1.636
2013-01-28,1.692
2013-01-29,1.69
2013-01-30,1.71
2013-01-31,1.679
2013-02-01,1.672
2013-02-04,1.611
2013-02-05,1.65
2013-02-06,1.63
2013-02-07,1.604
2013-02-08,1.609
2013-02-11,1.609
2013-02-12,1.629
2013-02-13,1.671
2013-02-14,1.642
2013-02-15,1.652
2013-02-18,1.629
2013-02-19,1.621
2013-02-20,1.653
2013-02-21,1.573
2013-02-22,1.567
2013-02-25,1.555
2013-02-26,1.452
2013-02-27,1.451
2013-02-28,1.453
2013-03-01,1.41
2013-03-04,1.418
2013-03-05,1.449
2013-03-06,1.456
2013-03-07,1.491
2013-03-08,1.524
2013-03-11,1.516
2013-03-12,1.48
2013-03-13,1.48
2013-03-14,1.472
2013-03-15,1.454
2013-03-18,1.406
2013-03-19,1.346
2013-03-20,1.386
2013-03-21,1.365
2013-03-22,1.378
2013-03-25,1.326
2013-03-26,1.344
2013-03-27,1.269
2013-03-28,1.288
2013-03-29,1.288
2013-04-01,1.288
2013-04-02,1.306
2013-04-03,1.287
2013-04-04,1.238
2013-04-05,1.211
2013-04-08,1.236
2013-04-09,1.26
2013-04-10,1.303
2013-04-11,1.301
2013-04-12,1.26
2013-04-15,1.244
2013-04-16,1.276
2013-04-17,1.228
2013-04-18,1.225
2013-04-19,1.25
2013-04-22,1.231
2013-04-23,1.26
2013-04-24,1.238
2013-04-25,1.237
2013-04-26,1.205
2013-04-29,1.203
2013-04-30,1.215
2013-05-01,1.206
2013-05-02,1.165
2013-05-03,1.239
2013-05-06,1.243
2013-05-07,1.298
2013-05-08,1.269
2013-05-09,1.269
2013-05-10,1.379
2013-05-13,1.355
2013-05-14,1.373
2013-05-15,1.382
2013-05-16,1.33
2013-05-17,1.325
2013-05-20,1.376
2013-05-21,1.39
2013-05-22,1.426
2013-05-23,1.443
2013-05-24,1.43
2013-05-27,1.456
2013-05-28,1.497
2013-05-29,1.532
2013-05-30,1.516
2013-05-31,1.504
2013-06-03,1.521
2013-06-04,1.542
2013-06-05,1.51
2013-06-06,1.52
2013-06-07,1.545
2013-06-10,1.6
2013-06-11,1.6
2013-06-12,1.584
2013-06-13,1.561
2013-06-14,1.513
2013-06-17,1.52
2013-06-18,1.569
2013-06-19,1.557
2013-06-20,1.664
2013-06-21,1.724
2013-06-24,1.811
2013-06-25,1.803
2013-06-26,1.766
2013-06-27,1.724
2013-06-28,1.728
2013-07-01,1.719
2013-07-02,1.703
2013-07-03,1.659
2013-07-04,1.647
2013-07-05,1.718
2013-07-08,1.697
2013-07-09,1.653
2013-07-10,1.657
2013-07-11,1.622
2013-07-12,1.559
2013-07-15,1.577
2013-07-16,1.55
2013-07-17,1.542
2013-07-18,1.518
2013-07-19,1.518
2013-07-22,1.514
2013-07-23,1.55
2013-07-24,1.645
2013-07-25,1.67
2013-07-26,1.665
2013-07-29,1.663
2013-07-30,1.667
2013-07-31,1.669
2013-08-01,1.666
2013-08-02,1.65
2013-08-05,1.686
2013-08-06,1.701
2013-08-07,1.686
2013-08-08,1.686
2013-08-09,1.679
2013-08-12,1.701
2013-08-13,1.807
2013-08-14,1.821
2013-08-15,1.882
2013-08-16,1.88
2013-08-19,1.896
2013-08-20,1.84
2013-08-21,1.87
2013-08-22,1.919
2013-08-23,1.934
2013-08-26,1.893
2013-08-27,1.846
2013-08-28,1.875
2013-08-29,1.855
2013-08-30,1.855
2013-09-02,1.904
2013-09-03,1.94
2013-09-04,1.94
2013-09-05,2.041
2013-09-06,1.949
2013-09-09,1.959
2013-09-10,2.026
2013-09-11,2.045
2013-09-12,1.999
2013-09-13,1.975
2013-09-16,1.937
2013-09-17,1.963
2013-09-18,2
2013-09-19,1.92
2013-09-20,1.942
2013-09-23,1.917
2013-09-24,1.845
2013-09-25,1.822
2013-09-26,1.83
2013-09-27,1.777
2013-09-30,1.778
2013-10-01,1.804
2013-10-02,1.81
2013-10-03,1.792
2013-10-04,1.84
2013-10-07,1.802
2013-10-08,1.81
2013-10-09,1.811
2013-10-10,1.868
2013-10-11,1.863
2013-10-14,1.858
2013-10-15,1.913
2013-10-16,1.928
2013-10-17,1.867
2013-10-18,1.831
2013-10-21,1.847
2013-10-22,1.795
2013-10-23,1.766
2013-10-24,1.764
2013-10-25,1.755
2013-10-28,1.749
2013-10-29,1.74
2013-10-30,1.687
2013-10-31,1.673
2013-11-01,1.691
2013-11-04,1.676
2013-11-05,1.742
2013-11-06,1.74
2013-11-07,1.684
2013-11-08,1.757
2013-11-11,1.753
2013-11-12,1.789
2013-11-13,1.735
2013-11-14,1.7
2013-11-15,1.705
2013-11-18,1.68
2013-11-19,1.719
2013-11-20,1.714
2013-11-21,1.74
2013-11-22,1.746
2013-11-25,1.722
2013-11-26,1.686
2013-11-27,1.716
2013-11-28,1.694
2013-11-29,1.692
2013-12-02,1.743
2013-12-03,1.724
2013-12-04,1.814
2013-12-05,1.86
2013-12-06,1.841
2013-12-09,1.838
2013-12-10,1.834
2013-12-11,1.813
2013-12-12,1.838
2013-12-13,1.827
2013-12-16,1.834
2013-12-17,1.826
2013-12-18,1.846
2013-12-19,1.871
2013-12-20,1.869
2013-12-23,1.88
2013-12-24,1.89
2013-12-25,1.89
2013-12-26,1.89
2013-12-27,1.954
2013-12-30,1.929
2013-12-31,1.925
2014-01-01,1.925
2014-01-02,1.94
2014-01-03,1.942
2014-01-06,1.906
2014-01-07,1.885
2014-01-08,1.903
2014-01-09,1.914
2014-01-10,1.842
2014-01-13,1.816
2014-01-14,1.813
2014-01-15,1.824
2014-01-16,1.779
2014-01-17,1.752
2014-01-20,1.74
2014-01-21,1.738
2014-01-22,1.756
2014-01-23,1.708
2014-01-24,1.657
2014-01-27,1.664
2014-01-28,1.676
2014-01-29,1.74
2014-01-30,1.714
2014-01-31,1.658
2014-02-03,1.643
2014-02-04,1.649
2014-02-05,1.635
2014-02-06,1.694
2014-02-07,1.66
2014-02-10,1.678
2014-02-11,1.685
2014-02-12,1.714
2014-02-13,1.666
2014-02-14,1.678
2014-02-17,1.683
2014-02-18,1.666
2014-02-19,1.66
2014-02-20,1.689
2014-02-21,1.661
2014-02-24,1.678
2014-02-25,1.645
2014-02-26,1.616
2014-02-27,1.562
2014-02-28,1.623
2014-03-03,1.55
2014-03-04,1.597
2014-03-05,1.604
2014-03-06,1.646
2014-03-07,1.652
2014-03-10,1.624
2014-03-11,1.637
2014-03-12,1.595
2014-03-13,1.54
2014-03-14,1.545
2014-03-17,1.566
2014-03-18,1.566
2014-03-19,1.598
2014-03-20,1.645
2014-03-21,1.63
2014-03-24,1.577
2014-03-25,1.576
2014-03-26,1.567
2014-03-27,1.535
2014-03-28,1.548
2014-03-31,1.565
2014-04-01,1.572
2014-04-02,1.615
2014-04-03,1.602
2014-04-04,1.552
2014-04-07,1.538
2014-04-08,1.556
2014-04-09,1.574
2014-04-10,1.52
2014-04-11,1.502
2014-04-14,1.525
2014-04-15,1.471
2014-04-16,1.484
2014-04-17,1.514
2014-04-18,1.514
2014-04-21,1.514
2014-04-22,1.533
2014-04-23,1.521
2014-04-24,1.529
2014-04-25,1.483
2014-04-28,1.496
2014-04-29,1.498
2014-04-30,1.468
2014-05-01,1.468
2014-05-02,1.449
2014-05-05,1.457
2014-05-06,1.459
2014-05-07,1.472
2014-05-08,1.445
2014-05-09,1.454
2014-05-12,1.463
2014-05-13,1.42
2014-05-14,1.367
2014-05-15,1.305
2014-05-16,1.329
2014-05-19,1.342
2014-05-20,1.35
2014-05-21,1.423
2014-05-22,1.407
2014-05-23,1.412
2014-05-26,1.415
2014-05-27,1.388
2014-05-28,1.337
2014-05-29,1.353
2014-05-30,1.357
2014-06-02,1.368
2014-06-03,1.407
2014-06-04,1.431
2014-06-05,1.403
2014-06-06,1.351
2014-06-09,1.378
2014-06-10,1.403
2014-06-11,1.396
2014-06-12,1.386
2014-06-13,1.361
2014-06-16,1.353
2014-06-17,1.399
2014-06-18,1.374
2014-06-19,1.321
2014-06-20,1.343
2014-06-23,1.322
2014-06-24,1.319
2014-06-25,1.26
2014-06-26,1.244
2014-06-27,1.261
2014-06-30,1.244
2014-07-01,1.246
2014-07-02,1.286
2014-07-03,1.288
2014-07-04,1.264
2014-07-07,1.255
2014-07-08,1.218
2014-07-09,1.227
2014-07-10,1.198
2014-07-11,1.202
2014-07-14,1.208
2014-07-15,1.203
2014-07-16,1.191
2014-07-17,1.148
2014-07-18,1.154
2014-07-21,1.147
2014-07-22,1.165
2014-07-23,1.145
2014-07-24,1.176
2014-07-25,1.146
2014-07-28,1.147
2014-07-29,1.119
2014-07-30,1.169
2014-07-31,1.154
2014-08-01,1.13
2014-08-04,1.134
2014-08-05,1.167
2014-08-06,1.1
2014-08-07,1.061
2014-08-08,1.052
2014-08-11,1.058
2014-08-12,1.058
2014-08-13,1.026
2014-08-14,1.017
2014-08-15,0.952
2014-08-18,1.013
2014-08-19,1
2014-08-20,0.989
2014-08-21,0.992
2014-08-22,0.981
2014-08-25,0.947
2014-08-26,0.938
2014-08-27,0.909
2014-08-28,0.883
2014-08-29,0.89
2014-09-01,0.881
2014-09-02,0.93
2014-09-03,0.954
2014-09-04,0.969
2014-09-05,0.928
2014-09-08,0.952
2014-09-09,0.996
2014-09-10,1.046
2014-09-11,1.039
2014-09-12,1.082
2014-09-15,1.066
2014-09-16,1.06
2014-09-17,1.049
2014-09-18,1.081
2014-09-19,1.042
2014-09-22,1.01
2014-09-23,1.012
2014-09-24,1.003
2014-09-25,0.972
2014-09-26,0.971
2014-09-29,0.963
2014-09-30,0.946
2014-10-01,0.901
2014-10-02,0.902
2014-10-03,0.925
2014-10-06,0.906
2014-10-07,0.905
2014-10-08,0.907
2014-10-09,0.905
2014-10-10,0.886
2014-10-13,0.894
2014-10-14,0.837
2014-10-15,0.755
2014-10-16,0.819
2014-10-17,0.858
2014-10-20,0.848
2014-10-21,0.87
2014-10-22,0.87
2014-10-23,0.901
2014-10-24,0.891
2014-10-27,0.868
2014-10-28,0.876
2014-10-29,0.897
2014-10-30,0.844
2014-10-31,0.84
2014-11-03,0.852
2014-11-04,0.806
2014-11-05,0.826
2014-11-06,0.826
2014-11-07,0.816
2014-11-10,0.834
2014-11-11,0.826
2014-11-12,0.809
2014-11-13,0.798
2014-11-14,0.784
2014-11-17,0.801
2014-11-18,0.796
2014-11-19,0.848
2014-11-20,0.798
2014-11-21,0.769
2014-11-24,0.78
2014-11-25,0.747
2014-11-26,0.735
2014-11-27,0.7
2014-11-28,0.7
2014-12-01,0.727
2014-12-02,0.741
2014-12-03,0.747
2014-12-04,0.772
2014-12-05,0.78
2014-12-08,0.712
2014-12-09,0.685
2014-12-10,0.68
2014-12-11,0.676
2014-12-12,0.623
2014-12-15,0.622
2014-12-16,0.595
2014-12-17,0.591
2014-12-18,0.616
2014-12-19,0.592
2014-12-22,0.6
2014-12-23,0.591
2014-12-24,0.587
2014-12-25,0.587
2014-12-26,0.587
2014-12-29,0.543
2014-12-30,0.539
2014-12-31,0.538
2015-01-01,0.538
2015-01-02,0.497
2015-01-05,0.517
2015-01-06,0.445
2015-01-07,0.483
2015-01-08,0.509
2015-01-09,0.491
2015-01-12,0.478
2015-01-13,0.476
2015-01-14,0.423
2015-01-15,0.473
2015-01-16,0.452
2015-01-19,0.439
2015-01-20,0.448
2015-01-21,0.523
2015-01-22,0.446
2015-01-23,0.361
2015-01-26,0.394
2015-01-27,0.381
2015-01-28,0.352
2015-01-29,0.358
2015-01-30,0.302
2015-02-02,0.312
2015-02-03,0.344
2015-02-04,0.365
2015-02-05,0.365
2015-02-06,0.374
2015-02-09,0.354
2015-02-10,0.369
2015-02-11,0.354
2015-02-12,0.318
2015-02-13,0.341
2015-02-16,0.333
2015-02-17,0.37
2015-02-18,0.38
2015-02-19,0.379
2015-02-20,0.365
2015-02-23,0.364
2015-02-24,0.374
2015-02-25,0.324
2015-02-26,0.297
2015-02-27,0.327
2015-03-02,0.355
2015-03-03,0.361
2015-03-04,0.382
2015-03-05,0.347
2015-03-06,0.393
2015-03-09,0.311
2015-03-10,0.233
2015-03-11,0.208
2015-03-12,0.247
2015-03-13,0.256
2015-03-16,0.278
2015-03-17,0.281
2015-03-18,0.196
2015-03-19,0.186
2015-03-20,0.183
2015-03-23,0.223
2015-03-24,0.235
2015-03-25,0.219
2015-03-26,0.214
2015-03-27,0.206
2015-03-30,0.205
2015-03-31,0.18
2015-04-01,0.166
2015-04-02,0.193
2015-04-03,0.193
2015-04-06,0.193
2015-04-07,0.185
2015-04-08,0.162
2015-04-09,0.159
2015-04-10,0.154
2015-04-13,0.156
2015-04-14,0.137
2015-04-15,0.106
2015-04-16,0.084
2015-04-17,0.077
2015-04-20,0.074
2015-04-21,0.1
2015-04-22,0.164
2015-04-23,0.164
2015-04-24,0.154
2015-04-27,0.161
2015-04-28,0.162
2015-04-29,0.284
2015-04-30,0.364
2015-05-01,0.37
2015-05-04,0.452
2015-05-05,0.514
2015-05-06,0.585
2015-05-07,0.589
2015-05-08,0.546
2015-05-11,0.609
2015-05-12,0.674
2015-05-13,0.723
2015-05-14,0.701
2015-05-15,0.623
2015-05-18,0.648
2015-05-19,0.593
2015-05-20,0.631
2015-05-21,0.638
2015-05-22,0.602
2015-05-25,0.603
2015-05-26,0.545
2015-05-27,0.553
2015-05-28,0.529
2015-05-29,0.486
2015-06-01,0.54
2015-06-02,0.713
2015-06-03,0.881
2015-06-04,0.837
2015-06-05,0.843
2015-06-08,0.878
2015-06-09,0.949
2015-06-10,0.98
2015-06-11,0.883
2015-06-12,0.833
2015-06-15,0.823
2015-06-16,0.796
2015-06-17,0.807
2015-06-18,0.806
2015-06-19,0.75
2015-06-22,0.883
2015-06-23,0.871
2015-06-24,0.843
2015-06-25,0.861
2015-06-26,0.921
2015-06-29,0.794
2015-06-30,0.763
2015-07-01,0.812
2015-07-02,0.844
2015-07-03,0.789
2015-07-06,0.763
2015-07-07,0.642
2015-07-08,0.67
2015-07-09,0.718
2015-07-10,0.896
2015-07-13,0.854
2015-07-14,0.835
2015-07-15,0.827
2015-07-16,0.832
2015-07-17,0.787
2015-07-20,0.761
2015-07-21,0.78
2015-07-22,0.746
2015-07-23,0.741
2015-07-24,0.69
2015-07-27,0.69
2015-07-28,0.689
2015-07-29,0.716
2015-07-30,0.649
2015-07-31,0.643
2015-08-03,0.628
2015-08-04,0.638
2015-08-05,0.753
2015-08-06,0.708
2015-08-07,0.661
2015-08-10,0.697
2015-08-11,0.631
2015-08-12,0.603
2015-08-13,0.629
2015-08-14,0.659
2015-08-17,0.626
2015-08-18,0.641
2015-08-19,0.618
2015-08-20,0.581
2015-08-21,0.563
2015-08-24,0.591
2015-08-25,0.729
2015-08-26,0.703
2015-08-27,0.741
2015-08-28,0.741
2015-08-31,0.797
2015-09-01,0.796
2015-09-02,0.781
2015-09-03,0.723
2015-09-04,0.666
2015-09-07,0.674
2015-09-08,0.675
2015-09-09,0.697
2015-09-10,0.694
2015-09-11,0.652
2015-09-14,0.654
2015-09-15,0.742
2015-09-16,0.773
2015-09-17,0.779
2015-09-18,0.662
2015-09-21,0.683
2015-09-22,0.589
2015-09-23,0.596
2015-09-24,0.602
2015-09-25,0.647
2015-09-28,0.585
2015-09-29,0.582
2015-09-30,0.586
2015-10-01,0.535
2015-10-02,0.509
2015-10-05,0.565
2015-10-06,0.595
2015-10-07,0.592
2015-10-08,0.585
2015-10-09,0.615
2015-10-12,0.577
2015-10-13,0.586
2015-10-14,0.54
2015-10-15,0.549
2015-10-16,0.547
2015-10-19,0.564
2015-10-20,0.625
2015-10-21,0.567
2015-10-22,0.495
2015-10-23,0.511
2015-10-26,0.499
2015-10-27,0.442
2015-10-28,0.438
2015-10-29,0.53
2015-10-30,0.517
2015-11-02,0.557
2015-11-03,0.573
2015-11-04,0.598
2015-11-05,0.606
2015-11-06,0.692
2015-11-09,0.661
2015-11-10,0.62
2015-11-11,0.61
2015-11-12,0.607
2015-11-13,0.558
2015-11-16,0.529
2015-11-17,0.523
2015-11-18,0.505
2015-11-19,0.478
2015-11-20,0.479
2015-11-23,0.529
2015-11-24,0.516
2015-11-25,0.47
2015-11-26,0.469
2015-11-27,0.459
2015-11-30,0.472
2015-12-01,0.467
2015-12-02,0.469
2015-12-03,0.665
2015-12-04,0.677
2015-12-07,0.581
2015-12-08,0.57
2015-12-09,0.599
2015-12-10,0.567
2015-12-11,0.539
2015-12-14,0.573
2015-12-15,0.64
2015-12-16,0.677
2015-12-17,0.598
2015-12-18,0.547
2015-12-21,0.549
2015-12-22,0.601
2015-12-23,0.626
2015-12-24,0.635
2015-12-25,0.635
2015-12-28,0.562
2015-12-29,0.628
2015-12-30,0.628
2015-12-31,0.628
2016-01-01,0.628
2016-01-04,0.565
2016-01-05,0.539
2016-01-06,0.502
2016-01-07,0.538
2016-01-08,0.513
2016-01-11,0.54
2016-01-12,0.532
2016-01-13,0.566
2016-01-14,0.573
2016-01-15,0.539
2016-01-18,0.536
2016-01-19,0.548
2016-01-20,0.481
2016-01-21,0.449
2016-01-22,0.483
2016-01-25,0.471
2016-01-26,0.445
2016-01-27,0.443
2016-01-28,0.403
2016-01-29,0.324
2016-02-01,0.35
2016-02-02,0.306
2016-02-03,0.274
2016-02-04,0.302
2016-02-05,0.295
2016-02-08,0.217
2016-02-09,0.233
2016-02-10,0.241
2016-02-11,0.186
2016-02-12,0.26
2016-02-15,0.237
2016-02-16,0.265
2016-02-17,0.268
2016-02-18,0.217
2016-02-19,0.201
2016-02-22,0.175
2016-02-23,0.183
2016-02-24,0.153
2016-02-25,0.137
2016-02-26,0.146
2016-02-29,0.106
2016-03-01,0.145
2016-03-02,0.206
2016-03-03,0.169
2016-03-04,0.237
2016-03-07,0.224
2016-03-08,0.181
2016-03-09,0.24
2016-03-10,0.305
2016-03-11,0.27
2016-03-14,0.279
2016-03-15,0.315
2016-03-16,0.31
2016-03-17,0.229
2016-03-18,0.211
2016-03-21,0.23
2016-03-22,0.21
2016-03-23,0.193
2016-03-24,0.179
2016-03-25,0.179
2016-03-28,0.179
2016-03-29,0.137
2016-03-30,0.156
2016-03-31,0.152
2016-04-01,0.133
2016-04-04,0.13
2016-04-05,0.098
2016-04-06,0.118
2016-04-07,0.089
2016-04-08,0.095
2016-04-11,0.11
2016-04-12,0.164
2016-04-13,0.127
2016-04-14,0.166
2016-04-15,0.127
2016-04-18,0.16
2016-04-19,0.168
2016-04-20,0.153
2016-04-21,0.238
2016-04-22,0.23
2016-04-25,0.263
2016-04-26,0.299
2016-04-27,0.286
2016-04-28,0.256
2016-04-29,0.271
2016-05-02,0.266
2016-05-03,0.2
2016-05-04,0.203
2016-05-05,0.161
2016-05-06,0.143
2016-05-09,0.125
2016-05-10,0.123
2016-05-11,0.125
2016-05-12,0.154
2016-05-13,0.123
2016-05-16,0.142
2016-05-17,0.132
2016-05-18,0.167
2016-05-19,0.169
2016-05-20,0.164
2016-05-23,0.176
2016-05-24,0.176
2016-05-25,0.151
2016-05-26,0.145
2016-05-27,0.137
2016-05-30,0.166
2016-05-31,0.138
2016-06-01,0.135
2016-06-02,0.113
2016-06-03,0.067
2016-06-06,0.085
2016-06-07,0.049
2016-06-08,0.054
2016-06-09,0.032
2016-06-10,0.02
2016-06-13,0.023
2016-06-14,-0.004
2016-06-15,-0.011
2016-06-16,-0.025
2016-06-17,0.018
2016-06-20,0.05
2016-06-21,0.049
2016-06-22,0.061
2016-06-23,0.093
2016-06-24,-0.049
2016-06-27,-0.117
2016-06-28,-0.113
2016-06-29,-0.127
2016-06-30,-0.131
2016-07-01,-0.127
2016-07-04,-0.142
2016-07-05,-0.186
2016-07-06,-0.177
2016-07-07,-0.171
2016-07-08,-0.189
2016-07-11,-0.168
2016-07-12,-0.091
2016-07-13,-0.075
2016-07-14,-0.041
2016-07-15,0.005
2016-07-18,-0.017
2016-07-19,-0.031
2016-07-20,-0.012
2016-07-21,-0.018
2016-07-22,-0.031
2016-07-25,-0.043
2016-07-26,-0.029
2016-07-27,-0.081
2016-07-28,-0.091
2016-07-29,-0.121
2016-08-01,-0.1
2016-08-02,-0.038
2016-08-03,-0.039
2016-08-04,-0.097
2016-08-05,-0.068
2016-08-08,-0.067
2016-08-09,-0.078
2016-08-10,-0.11
2016-08-11,-0.094
2016-08-12,-0.11
2016-08-15,-0.076
2016-08-16,-0.031
2016-08-17,-0.051
2016-08-18,-0.083
2016-08-19,-0.034
2016-08-22,-0.091
2016-08-23,-0.097
2016-08-24,-0.091
2016-08-25,-0.072
2016-08-26,-0.073
2016-08-29,-0.085
2016-08-30,-0.093
2016-08-31,-0.066
2016-09-01,-0.068
2016-09-02,-0.045
2016-09-05,-0.049
2016-09-06,-0.112
2016-09-07,-0.118
2016-09-08,-0.063
2016-09-09,0.009
2016-09-12,0.037
2016-09-13,0.069
2016-09-14,0.02
2016-09-15,0.03
2016-09-16,0.006
2016-09-19,0.015
2016-09-20,-0.019
2016-09-21,0.001
2016-09-22,-0.098
2016-09-23,-0.083
2016-09-26,-0.118
2016-09-27,-0.141
2016-09-28,-0.147
2016-09-29,-0.119
2016-09-30,-0.122
2016-10-03,-0.094
2016-10-04,-0.056
2016-10-05,-0.006
2016-10-06,-0.02
2016-10-07,0.018
2016-10-10,0.054
2016-10-11,0.024
2016-10-12,0.065
2016-10-13,0.037
2016-10-14,0.056
2016-10-17,0.053
2016-10-18,0.034
2016-10-19,0.028
2016-10-20,0.002
2016-10-21,0.005
2016-10-24,0.022
2016-10-25,0.029
2016-10-26,0.084
2016-10-27,0.169
2016-10-28,0.166
2016-10-31,0.161
2016-11-01,0.177
2016-11-02,0.129
2016-11-03,0.157
2016-11-04,0.133
2016-11-07,0.152
2016-11-08,0.186
2016-11-09,0.202
2016-11-10,0.272
2016-11-11,0.307
2016-11-14,0.317
2016-11-15,0.306
2016-11-16,0.296
2016-11-17,0.277
2016-11-18,0.27
2016-11-21,0.272
2016-11-22,0.218
2016-11-23,0.261
2016-11-24,0.257
2016-11-25,0.238
2016-11-28,0.203
2016-11-29,0.219
2016-11-30,0.273
2016-12-01,0.366
2016-12-02,0.279
2016-12-05,0.33
2016-12-06,0.37
2016-12-07,0.343
2016-12-08,0.38
2016-12-09,0.362
2016-12-12,0.396
2016-12-13,0.356
2016-12-14,0.298
2016-12-15,0.362
2016-12-16,0.312
2016-12-19,0.244
2016-12-20,0.265
2016-12-21,0.243
2016-12-22,0.257
2016-12-23,0.218
2016-12-26,0.218
2016-12-27,0.203
2016-12-28,0.191
2016-12-29,0.171
2016-12-30,0.204
2017-01-02,0.185
2017-01-03,0.261
2017-01-04,0.273
2017-01-05,0.24
2017-01-06,0.296
2017-01-09,0.275
2017-01-10,0.283
2017-01-11,0.324
2017-01-12,0.312
2017-01-13,0.336
2017-01-16,0.321
2017-01-17,0.32
2017-01-18,0.353
2017-01-19,0.378
2017-01-20,0.42
2017-01-23,0.361
2017-01-24,0.406
2017-01-25,0.463
2017-01-26,0.482
2017-01-27,0.46
2017-01-30,0.447
2017-01-31,0.434
2017-02-01,0.466
2017-02-02,0.424
2017-02-03,0.41
2017-02-06,0.368
2017-02-07,0.348
2017-02-08,0.294
2017-02-09,0.31
2017-02-10,0.318
2017-02-13,0.33
2017-02-14,0.364
2017-02-15,0.372
2017-02-16,0.347
2017-02-17,0.3
2017-02-20,0.295
2017-02-21,0.298
2017-02-22,0.277
2017-02-23,0.23
2017-02-24,0.184
2017-02-27,0.197
2017-02-28,0.206
2017-03-01,0.28
2017-03-02,0.315
2017-03-03,0.353
2017-03-06,0.338
2017-03-07,0.317
2017-03-08,0.367
2017-03-09,0.423
2017-03-10,0.481
2017-03-13,0.469
2017-03-14,0.443
2017-03-15,0.412
2017-03-16,0.445
2017-03-17,0.432
2017-03-20,0.438
2017-03-21,0.457
2017-03-22,0.406
2017-03-23,0.429
2017-03-24,0.401
2017-03-27,0.399
2017-03-28,0.386
2017-03-29,0.342
2017-03-30,0.33
2017-03-31,0.325
2017-04-03,0.275
2017-04-04,0.256
2017-04-05,0.256
2017-04-06,0.261
2017-04-07,0.226
2017-04-10,0.204
2017-04-11,0.203
2017-04-12,0.196
2017-04-13,0.186
2017-04-14,0.186
2017-04-17,0.186
2017-04-18,0.155
2017-04-19,0.201
2017-04-20,0.242
2017-04-21,0.251
2017-04-24,0.327
2017-04-25,0.376
2017-04-26,0.35
2017-04-27,0.294
2017-04-28,0.315
2017-05-01,0.315
2017-05-02,0.326
2017-05-03,0.324
2017-05-04,0.392
2017-05-05,0.416
2017-05-08,0.416
2017-05-09,0.428
2017-05-10,0.419
2017-05-11,0.43
2017-05-12,0.389
2017-05-15,0.418
2017-05-16,0.433
2017-05-17,0.376
2017-05-18,0.342
2017-05-19,0.366
2017-05-22,0.395
2017-05-23,0.408
2017-05-24,0.401
2017-05-25,0.36
2017-05-26,0.328
2017-05-29,0.294
2017-05-30,0.29
2017-05-31,0.302
2017-06-01,0.303
2017-06-02,0.272
2017-06-05,0.285
2017-06-06,0.25
2017-06-07,0.267
2017-06-08,0.254
2017-06-09,0.261
2017-06-12,0.247
2017-06-13,0.265
2017-06-14,0.225
2017-06-15,0.281
2017-06-16,0.275
2017-06-19,0.279
2017-06-20,0.26
2017-06-21,0.264
2017-06-22,0.25
2017-06-23,0.253
2017-06-26,0.243
2017-06-27,0.368
2017-06-28,0.367
2017-06-29,0.45
2017-06-30,0.465
2017-07-03,0.475
2017-07-04,0.474
2017-07-05,0.468
2017-07-06,0.56
2017-07-07,0.571
2017-07-10,0.539
2017-07-11,0.548
2017-07-12,0.576
2017-07-13,0.6
2017-07-14,0.592
2017-07-17,0.578
2017-07-18,0.551
2017-07-19,0.54
2017-07-20,0.528
2017-07-21,0.505
2017-07-24,0.506
2017-07-25,0.564
2017-07-26,0.558
2017-07-27,0.534
2017-07-28,0.54
2017-07-31,0.541
2017-08-01,0.488
2017-08-02,0.483
2017-08-03,0.45
2017-08-04,0.466
2017-08-07,0.456
2017-08-08,0.472
2017-08-09,0.424
2017-08-10,0.412
2017-08-11,0.38
2017-08-14,0.404
2017-08-15,0.43
2017-08-16,0.442
2017-08-17,0.422
2017-08-18,0.413
2017-08-21,0.398
2017-08-22,0.398
2017-08-23,0.376
2017-08-24,0.374
2017-08-25,0.378
2017-08-28,0.374
2017-08-29,0.34
2017-08-30,0.357
2017-08-31,0.36
2017-09-01,0.376
2017-09-04,0.364
2017-09-05,0.336
2017-09-06,0.345
2017-09-07,0.304
2017-09-08,0.31
2017-09-11,0.334
2017-09-12,0.399
2017-09-13,0.399
2017-09-14,0.411
2017-09-15,0.43
2017-09-18,0.453
2017-09-19,0.45
2017-09-20,0.441
2017-09-21,0.453
2017-09-22,0.445
2017-09-25,0.399
2017-09-26,0.406
2017-09-27,0.466
2017-09-28,0.477
2017-09-29,0.462
2017-10-02,0.449
2017-10-03,0.46
2017-10-04,0.452
2017-10-05,0.454
2017-10-06,0.458
2017-10-09,0.442
2017-10-10,0.44
2017-10-11,0.461
2017-10-12,0.443
2017-10-13,0.402
2017-10-16,0.37
2017-10-17,0.363
2017-10-18,0.395
2017-10-19,0.394
2017-10-20,0.451
2017-10-23,0.43
2017-10-24,0.474
2017-10-25,0.48
2017-10-26,0.414
2017-10-27,0.382
2017-10-30,0.365
2017-10-31,0.362
2017-11-01,0.371
2017-11-02,0.371
2017-11-03,0.362
2017-11-06,0.334
2017-11-07,0.326
2017-11-08,0.325
2017-11-09,0.374
2017-11-10,0.409
2017-11-13,0.415
2017-11-14,0.396
2017-11-15,0.375
2017-11-16,0.375
2017-11-17,0.359
2017-11-20,0.361
2017-11-21,0.349
2017-11-22,0.348
2017-11-23,0.346
2017-11-24,0.359
2017-11-27,0.34
2017-11-28,0.338
2017-11-29,0.383
2017-11-30,0.366
2017-12-01,0.304
2017-12-04,0.342
2017-12-05,0.318
2017-12-06,0.294
2017-12-07,0.292
2017-12-08,0.305
2017-12-11,0.291
2017-12-12,0.312
2017-12-13,0.312
2017-12-14,0.31
2017-12-15,0.299
2017-12-18,0.307
2017-12-19,0.376
2017-12-20,0.403
2017-12-21,0.415
2017-12-22,0.418
2017-12-25,0.418
2017-12-26,0.418
2017-12-27,0.379
2017-12-28,0.42
2017-12-29,0.423
2018-01-01,0.423
2018-01-02,0.464
2018-01-03,0.438
2018-01-04,0.432
2018-01-05,0.436
2018-01-08,0.429
2018-01-09,0.464
2018-01-10,0.54
2018-01-11,0.579
2018-01-12,0.577
2018-01-15,0.584
2018-01-16,0.559
2018-01-17,0.56
2018-01-18,0.57
2018-01-19,0.566
2018-01-22,0.565
2018-01-23,0.559
2018-01-24,0.586
2018-01-25,0.609
2018-01-26,0.626
2018-01-29,0.691
2018-01-30,0.68
2018-01-31,0.695
2018-02-01,0.718
2018-02-02,0.765
2018-02-05,0.733
2018-02-06,0.69
2018-02-07,0.742
2018-02-08,0.759
2018-02-09,0.741
2018-02-12,0.753
2018-02-13,0.747
2018-02-14,0.754
2018-02-15,0.761
2018-02-16,0.704
2018-02-19,0.732
2018-02-20,0.732
2018-02-21,0.719
2018-02-22,0.703
2018-02-23,0.65
2018-02-26,0.65
2018-02-27,0.676
2018-02-28,0.653
2018-03-01,0.641
2018-03-02,0.648
2018-03-05,0.64
2018-03-06,0.672
2018-03-07,0.653
2018-03-08,0.625
2018-03-09,0.644
2018-03-12,0.63
2018-03-13,0.617
2018-03-14,0.59
2018-03-15,0.574
2018-03-16,0.568
2018-03-19,0.567
2018-03-20,0.582
2018-03-21,0.59
2018-03-22,0.527
2018-03-23,0.524
2018-03-26,0.521
2018-03-27,0.501
2018-03-28,0.5
2018-03-29,0.494
2018-03-30,0.494
2018-04-02,0.494
2018-04-03,0.499
2018-04-04,0.498
2018-04-05,0.522
2018-04-06,0.495
2018-04-09,0.503
2018-04-10,0.513
2018-04-11,0.497
2018-04-12,0.513
2018-04-13,0.509
2018-04-16,0.523
2018-04-17,0.505
2018-04-18,0.529
2018-04-19,0.598
2018-04-20,0.588
2018-04-23,0.634
2018-04-24,0.629
2018-04-25,0.631
2018-04-26,0.591
2018-04-27,0.569
2018-04-30,0.557
2018-05-01,0.557
2018-05-02,0.579
2018-05-03,0.53
2018-05-04,0.542
2018-05-07,0.529
2018-05-08,0.56
2018-05-09,0.557
2018-05-10,0.555
2018-05-11,0.557
2018-05-14,0.609
2018-05-15,0.643
2018-05-16,0.604
2018-05-17,0.637
2018-05-18,0.577
2018-05-21,0.521
2018-05-22,0.558
2018-05-23,0.505
2018-05-24,0.47
2018-05-25,0.403
2018-05-28,0.341
2018-05-29,0.257
2018-05-30,0.369
2018-05-31,0.338
2018-06-01,0.382
2018-06-04,0.416
2018-06-05,0.366
2018-06-06,0.462
2018-06-07,0.481
2018-06-08,0.446
2018-06-11,0.491
2018-06-12,0.489
2018-06-13,0.48
2018-06-14,0.424
2018-06-15,0.401
2018-06-18,0.396
2018-06-19,0.37
2018-06-20,0.375
2018-06-21,0.333
2018-06-22,0.335
2018-06-25,0.325
2018-06-26,0.339
2018-06-27,0.319
2018-06-28,0.317
2018-06-29,0.3
2018-07-02,0.302
2018-07-03,0.292
2018-07-04,0.303
2018-07-05,0.297
2018-07-06,0.29
2018-07-09,0.298
2018-07-10,0.318
2018-07-11,0.366
2018-07-12,0.355
2018-07-13,0.338
2018-07-16,0.361
2018-07-17,0.344
2018-07-18,0.339
2018-07-19,0.329
2018-07-20,0.369
2018-07-23,0.405
2018-07-24,0.395
2018-07-25,0.394
2018-07-26,0.402
2018-07-27,0.402
2018-07-30,0.444
2018-07-31,0.442
2018-08-01,0.475
2018-08-02,0.459
2018-08-03,0.406
2018-08-06,0.387
2018-08-07,0.406
2018-08-08,0.396
2018-08-09,0.373
2018-08-10,0.315
2018-08-13,0.31
2018-08-14,0.326
2018-08-15,0.303
2018-08-16,0.318
2018-08-17,0.304
2018-08-20,0.301
2018-08-21,0.329
2018-08-22,0.342
2018-08-23,0.338
2018-08-24,0.343
2018-08-27,0.375
2018-08-28,0.379
2018-08-29,0.403
2018-08-30,0.344
2018-08-31,0.325
2018-09-03,0.332
2018-09-04,0.355
2018-09-05,0.379
2018-09-06,0.353
2018-09-07,0.386
2018-09-10,0.4
2018-09-11,0.429
2018-09-12,0.409
2018-09-13,0.421
2018-09-14,0.449
2018-09-17,0.457
2018-09-18,0.479
2018-09-19,0.486
2018-09-20,0.47
2018-09-21,0.46
2018-09-24,0.509
2018-09-25,0.542
2018-09-26,0.525
2018-09-27,0.528
2018-09-28,0.469
2018-10-01,0.47
2018-10-02,0.421
2018-10-03,0.474
2018-10-04,0.53
2018-10-05,0.572
2018-10-08,0.528
2018-10-09,0.547
2018-10-10,0.551
2018-10-11,0.517
2018-10-12,0.497
2018-10-15,0.501
2018-10-16,0.49
2018-10-17,0.46
2018-10-18,0.415
2018-10-19,0.458
2018-10-22,0.447
2018-10-23,0.408
2018-10-24,0.395
2018-10-25,0.396
2018-10-26,0.351
2018-10-29,0.376
2018-10-30,0.368
2018-10-31,0.384
2018-11-01,0.398
2018-11-02,0.426
2018-11-05,0.425
2018-11-06,0.433
2018-11-07,0.446
2018-11-08,0.456
2018-11-09,0.406
2018-11-12,0.397
2018-11-13,0.408
2018-11-14,0.397
2018-11-15,0.359
2018-11-16,0.366
2018-11-19,0.371
2018-11-20,0.349
2018-11-21,0.375
2018-11-22,0.369
2018-11-23,0.339
2018-11-26,0.36
2018-11-27,0.348
2018-11-28,0.349
2018-11-29,0.32
2018-11-30,0.312
2018-12-03,0.305
2018-12-04,0.261
2018-12-05,0.275
2018-12-06,0.235
2018-12-07,0.248
2018-12-10,0.245
2018-12-11,0.231
2018-12-12,0.277
2018-12-13,0.283
2018-12-14,0.251
2018-12-17,0.255
2018-12-18,0.243
2018-12-19,0.238
2018-12-20,0.227
2018-12-21,0.247
2018-12-24,0.247
2018-12-25,0.247
2018-12-26,0.247
2018-12-27,0.228
2018-12-28,0.238
2018-12-31,0.239
2019-01-01,0.239
2019-01-02,0.164
2019-01-03,0.151
2019-01-04,0.206
2019-01-07,0.219
2019-01-08,0.225
2019-01-09,0.276
2019-01-10,0.253
2019-01-11,0.237
2019-01-14,0.228
2019-01-15,0.204
2019-01-16,0.222
2019-01-17,0.241
2019-01-18,0.261
2019-01-21,0.253
2019-01-22,0.234
2019-01-23,0.223
2019-01-24,0.179
2019-01-25,0.191
2019-01-28,0.203
2019-01-29,0.199
2019-01-30,0.187
2019-01-31,0.148
2019-02-01,0.165
2019-02-04,0.175
2019-02-05,0.169
2019-02-06,0.16
2019-02-07,0.114
2019-02-08,0.086
2019-02-11,0.118
2019-02-12,0.131
2019-02-13,0.122
2019-02-14,0.102
2019-02-15,0.101
2019-02-18,0.108
2019-02-19,0.104
2019-02-20,0.098
2019-02-21,0.126
2019-02-22,0.094
2019-02-25,0.108
2019-02-26,0.117
2019-02-27,0.147
2019-02-28,0.182
2019-03-01,0.182
2019-03-04,0.156
2019-03-05,0.167
2019-03-06,0.126
2019-03-07,0.064
2019-03-08,0.067
2019-03-11,0.067
2019-03-12,0.054
2019-03-13,0.063
2019-03-14,0.084
2019-03-15,0.082
2019-03-18,0.082
2019-03-19,0.095
2019-03-20,0.083
2019-03-21,0.04
2019-03-22,-0.016
2019-03-25,-0.028
2019-03-26,-0.017
2019-03-27,-0.082
2019-03-28,-0.071
2019-03-29,-0.072
2019-04-01,-0.028
2019-04-02,-0.05
2019-04-03,0.006
2019-04-04,-0.007
2019-04-05,0.004
2019-04-08,0.005
2019-04-09,-0.011
2019-04-10,-0.027
2019-04-11,-0.01
2019-04-12,0.054
2019-04-15,0.055
2019-04-16,0.065
2019-04-17,0.079
2019-04-18,0.023
2019-04-19,0.023
2019-04-22,0.023
2019-04-23,0.04
2019-04-24,-0.014
2019-04-25,-0.01
2019-04-26,-0.023
2019-04-29,0.002
2019-04-30,0.012
2019-05-01,0.012
2019-05-02,0.029
2019-05-03,0.024
2019-05-06,0.005
2019-05-07,-0.039
2019-05-08,-0.045
2019-05-09,-0.048
2019-05-10,-0.045
2019-05-13,-0.071
2019-05-14,-0.071
2019-05-15,-0.099
2019-05-16,-0.096
2019-05-17,-0.105
2019-05-20,-0.089
2019-05-21,-0.064
2019-05-22,-0.087
2019-05-23,-0.121
2019-05-24,-0.118
2019-05-27,-0.145
2019-05-28,-0.162
2019-05-29,-0.18
2019-05-30,-0.176
2019-05-31,-0.204
2019-06-03,-0.202
2019-06-04,-0.208
2019-06-05,-0.227
2019-06-06,-0.24
2019-06-07,-0.258
2019-06-10,-0.22
2019-06-11,-0.233
2019-06-12,-0.238
2019-06-13,-0.242
2019-06-14,-0.256
2019-06-17,-0.245
2019-06-18,-0.321
2019-06-19,-0.289
2019-06-20,-0.32
2019-06-21,-0.286
2019-06-24,-0.308
2019-06-25,-0.332
2019-06-26,-0.304
2019-06-27,-0.322
2019-06-28,-0.329
2019-07-01,-0.358
2019-07-02,-0.369
2019-07-03,-0.387
2019-07-04,-0.4
2019-07-05,-0.365
2019-07-08,-0.368
2019-07-09,-0.356
2019-07-10,-0.309
2019-07-11,-0.228
2019-07-12,-0.212
2019-07-15,-0.254
2019-07-16,-0.246
2019-07-17,-0.292
2019-07-18,-0.312
2019-07-19,-0.325
2019-07-22,-0.348
2019-07-23,-0.356
2019-07-24,-0.38
2019-07-25,-0.364
2019-07-26,-0.378
2019-07-29,-0.393
2019-07-30,-0.401
2019-07-31,-0.442
2019-08-01,-0.451
2019-08-02,-0.497
2019-08-05,-0.517
2019-08-06,-0.538
2019-08-07,-0.583
2019-08-08,-0.562
2019-08-09,-0.578
2019-08-12,-0.593
2019-08-13,-0.611
2019-08-14,-0.652
2019-08-15,-0.715
2019-08-16,-0.687
2019-08-19,-0.65
2019-08-20,-0.692
2019-08-21,-0.672
2019-08-22,-0.646
2019-08-23,-0.677
2019-08-26,-0.669
2019-08-27,-0.695
2019-08-28,-0.716
2019-08-29,-0.694
2019-08-30,-0.702
2019-09-02,-0.704
2019-09-03,-0.708
2019-09-04,-0.677
2019-09-05,-0.595
2019-09-06,-0.64
2019-09-09,-0.587
2019-09-10,-0.55
2019-09-11,-0.565
2019-09-12,-0.518
2019-09-13,-0.45
2019-09-16,-0.482
2019-09-17,-0.476
2019-09-18,-0.512
2019-09-19,-0.509
2019-09-20,-0.523
2019-09-23,-0.582
2019-09-24,-0.602
2019-09-25,-0.576
2019-09-26,-0.584
2019-09-27,-0.575
2019-09-30,-0.573
2019-10-01,-0.566
2019-10-02,-0.548
2019-10-03,-0.592
2019-10-04,-0.588
2019-10-07,-0.576
2019-10-08,-0.596
2019-10-09,-0.55
2019-10-10,-0.471
2019-10-11,-0.444
2019-10-14,-0.458
2019-10-15,-0.418
2019-10-16,-0.388
2019-10-17,-0.41
2019-10-18,-0.384
2019-10-21,-0.345
2019-10-22,-0.37
2019-10-23,-0.395
2019-10-24,-0.406
2019-10-25,-0.364
2019-10-28,-0.333
2019-10-29,-0.353
2019-10-30,-0.356
2019-10-31,-0.409
2019-11-01,-0.384
2019-11-04,-0.352
2019-11-05,-0.311
2019-11-06,-0.335
2019-11-07,-0.236
2019-11-08,-0.264
2019-11-11,-0.246
2019-11-12,-0.254
2019-11-13,-0.302
2019-11-14,-0.353
2019-11-15,-0.336
2019-11-18,-0.337
2019-11-19,-0.341
2019-11-20,-0.348
2019-11-21,-0.328
2019-11-22,-0.36
2019-11-25,-0.35
2019-11-26,-0.373
2019-11-27,-0.374
2019-11-28,-0.362
2019-11-29,-0.362
2019-12-02,-0.283
2019-12-03,-0.35
2019-12-04,-0.317
2019-12-05,-0.296
2019-12-06,-0.288
2019-12-09,-0.309
2019-12-10,-0.297
2019-12-11,-0.323
2019-12-12,-0.271
2019-12-13,-0.291
2019-12-16,-0.278
2019-12-17,-0.296
2019-12-18,-0.252
2019-12-19,-0.237
2019-12-20,-0.254
2019-12-23,-0.245
2019-12-24,-0.245
2019-12-25,-0.245
2019-12-26,-0.245
2019-12-27,-0.258
2019-12-30,-0.188
2020-01-01,-0.188
2020-01-02,-0.226
2020-01-03,-0.284
2020-01-06,-0.289
2020-01-07,-0.286
2020-01-08,-0.21
2020-01-09,-0.182
2020-01-10,-0.201
2020-01-13,-0.161
2020-01-14,-0.172
2020-01-15,-0.201
2020-01-16,-0.22
2020-01-17,-0.216
2020-01-20,-0.22
2020-01-21,-0.25
2020-01-22,-0.261
2020-01-23,-0.309
2020-01-24,-0.336
2020-01-27,-0.387
2020-01-28,-0.342
2020-01-29,-0.378
2020-01-30,-0.407
2020-01-31,-0.436
2020-02-03,-0.444
2020-02-04,-0.4
2020-02-05,-0.361
2020-02-06,-0.371
2020-02-07,-0.386
2020-02-10,-0.412
2020-02-11,-0.393
2020-02-12,-0.379
2020-02-13,-0.387
2020-02-14,-0.402
2020-02-17,-0.402
2020-02-18,-0.409
2020-02-19,-0.42
2020-02-20,-0.446
2020-02-21,-0.432
2020-02-24,-0.483
2020-02-25,-0.514
2020-02-26,-0.507
2020-02-27,-0.545
2020-02-28,-0.609
2020-03-02,-0.627
2020-03-03,-0.627
2020-03-04,-0.641
2020-03-05,-0.688
2020-03-06,-0.712
2020-03-09,-0.858
2020-03-10,-0.794
2020-03-11,-0.745
2020-03-12,-0.748
2020-03-13,-0.548
2020-03-16,-0.465
2020-03-17,-0.438
2020-03-18,-0.24
2020-03-19,-0.198
2020-03-20,-0.326
2020-03-23,-0.38
2020-03-24,-0.327
2020-03-25,-0.266
2020-03-26,-0.365
2020-03-27,-0.479
2020-03-30,-0.495
2020-03-31,-0.474
2020-04-01,-0.463
2020-04-02,-0.438
2020-04-03,-0.444
2020-04-06,-0.427
2020-04-07,-0.313
2020-04-08,-0.309
2020-04-09,-0.351
2020-04-10,-0.351
2020-04-13,-0.351
2020-04-14,-0.381
2020-04-15,-0.468
2020-04-16,-0.476
2020-04-17,-0.475
2020-04-20,-0.451
2020-04-21,-0.479
2020-04-22,-0.41
2020-04-23,-0.427
2020-04-24,-0.476
2020-04-27,-0.456
2020-04-28,-0.471
2020-04-29,-0.497
2020-04-30,-0.589
2020-05-01,-0.589
2020-05-04,-0.565
2020-05-05,-0.581
2020-05-06,-0.509
2020-05-07,-0.547
2020-05-08,-0.539
2020-05-11,-0.513
2020-05-12,-0.508
2020-05-13,-0.533
2020-05-14,-0.545
2020-05-15,-0.533
2020-05-18,-0.468
2020-05-19,-0.465
2020-05-20,-0.471
2020-05-21,-0.497
2020-05-22,-0.49
2020-05-25,-0.496
2020-05-26,-0.431
2020-05-27,-0.415
2020-05-28,-0.42
2020-05-29,-0.449
2020-06-01,-0.404
2020-06-02,-0.417
2020-06-03,-0.356
2020-06-04,-0.323
2020-06-05,-0.278
2020-06-08,-0.32
2020-06-09,-0.311
2020-06-10,-0.333
2020-06-11,-0.415
2020-06-12,-0.441
2020-06-15,-0.448
2020-06-16,-0.428
2020-06-17,-0.396
2020-06-18,-0.41
2020-06-19,-0.418
2020-06-22,-0.44
2020-06-23,-0.409
2020-06-24,-0.443
2020-06-25,-0.471
2020-06-26,-0.483
2020-06-29,-0.472
2020-06-30,-0.456
2020-07-01,-0.396
2020-07-02,-0.43
2020-07-03,-0.434
2020-07-06,-0.434
2020-07-07,-0.43
2020-07-08,-0.441
2020-07-09,-0.464
2020-07-10,-0.469
2020-07-13,-0.419
2020-07-14,-0.448
2020-07-15,-0.446
2020-07-16,-0.468
2020-07-17,-0.45
2020-07-20,-0.462
2020-07-21,-0.462
2020-07-22,-0.492
2020-07-23,-0.482
2020-07-24,-0.449
2020-07-27,-0.493
2020-07-28,-0.509
2020-07-29,-0.501
2020-07-30,-0.543
2020-07-31,-0.525
2020-08-03,-0.524
2020-08-04,-0.553
2020-08-05,-0.507
2020-08-06,-0.532
2020-08-07,-0.51
2020-08-10,-0.528
2020-08-11,-0.479
2020-08-12,-0.449
2020-08-13,-0.414
2020-08-14,-0.423
2020-08-17,-0.453
2020-08-18,-0.464
2020-08-19,-0.474
2020-08-20,-0.497
2020-08-21,-0.509
2020-08-24,-0.492
2020-08-25,-0.433
2020-08-26,-0.417
2020-08-27,-0.408
2020-08-28,-0.41
2020-08-31,-0.398
2020-09-01,-0.421
2020-09-02,-0.475
2020-09-03,-0.49
2020-09-04,-0.474
2020-09-07,-0.463
2020-09-08,-0.496
2020-09-09,-0.464
2020-09-10,-0.434
2020-09-11,-0.482
2020-09-14,-0.482
2020-09-15,-0.48
2020-09-16,-0.485
2020-09-17,-0.492
2020-09-18,-0.487
2020-09-21,-0.53
2020-09-22,-0.506
2020-09-23,-0.506
2020-09-24,-0.502
2020-09-25,-0.53
2020-09-28,-0.528
2020-09-29,-0.546
2020-09-30,-0.523
2020-10-01,-0.536
2020-10-02,-0.537
2020-10-05,-0.51
2020-10-06,-0.509
2020-10-07,-0.495
2020-10-08,-0.524
2020-10-09,-0.528
2020-10-12,-0.545
2020-10-13,-0.557
2020-10-14,-0.582
2020-10-15,-0.612
2020-10-16,-0.622
2020-10-19,-0.629
2020-10-20,-0.607
2020-10-21,-0.589
2020-10-22,-0.568
2020-10-23,-0.576
2020-10-26,-0.581
2020-10-27,-0.616
2020-10-28,-0.627
2020-10-29,-0.638
2020-10-30,-0.628
2020-11-02,-0.64
2020-11-03,-0.62
2020-11-04,-0.639
2020-11-05,-0.638
2020-11-06,-0.621
2020-11-09,-0.511
2020-11-10,-0.486
2020-11-11,-0.508
2020-11-12,-0.537
2020-11-13,-0.549
2020-11-16,-0.546
2020-11-17,-0.563
2020-11-18,-0.555
2020-11-19,-0.572
2020-11-20,-0.584
2020-11-23,-0.582
2020-11-24,-0.564
2020-11-25,-0.568
2020-11-26,-0.589
2020-11-27,-0.589
2020-11-30,-0.572
2020-12-01,-0.53
2020-12-02,-0.521
2020-12-03,-0.557
2020-12-04,-0.549
2020-12-07,-0.583
2020-12-08,-0.608
2020-12-09,-0.606
2020-12-10,-0.605
2020-12-11,-0.638
2020-12-14,-0.621
2020-12-15,-0.612
2020-12-16,-0.568
2020-12-17,-0.572
2020-12-18,-0.574
2020-12-21,-0.582
2020-12-22,-0.597
2020-12-23,-0.55
2020-12-24,-0.55
2020-12-25,-0.55
2020-12-28,-0.567
2020-12-29,-0.574
2020-12-30,-0.572
2020-12-31,-0.572
2021-01-01,-0.572
2021-01-04,-0.606
2021-01-05,-0.579
2021-01-06,-0.523
2021-01-07,-0.525
2021-01-08,-0.522
2021-01-11,-0.498
2021-01-12,-0.469
2021-01-13,-0.523
2021-01-14,-0.55
2021-01-15,-0.544
2021-01-18,-0.528
2021-01-19,-0.527
2021-01-20,-0.53
2021-01-21,-0.497
2021-01-22,-0.514
2021-01-25,-0.551
2021-01-26,-0.535
2021-01-27,-0.547
2021-01-28,-0.54
2021-01-29,-0.519
2021-02-01,-0.517
2021-02-02,-0.49
2021-02-03,-0.466
2021-02-04,-0.455
2021-02-05,-0.448
2021-02-08,-0.447
2021-02-09,-0.447
2021-02-10,-0.438
2021-02-11,-0.459
2021-02-12,-0.429
2021-02-15,-0.383
2021-02-16,-0.349
2021-02-17,-0.369
2021-02-18,-0.347
2021-02-19,-0.307
2021-02-22,-0.34
2021-02-23,-0.317
2021-02-24,-0.305
2021-02-25,-0.233
2021-02-26,-0.262
2021-03-01,-0.336
2021-03-02,-0.353
2021-03-03,-0.289
2021-03-04,-0.313
2021-03-05,-0.303
2021-03-08,-0.278
2021-03-09,-0.301
2021-03-10,-0.315
2021-03-11,-0.335
2021-03-12,-0.307
2021-03-15,-0.335
2021-03-16,-0.337
2021-03-17,-0.292
2021-03-18,-0.265
2021-03-19,-0.295
2021-03-22,-0.312
2021-03-23,-0.343
2021-03-24,-0.354
2021-03-25,-0.385
2021-03-26,-0.348
2021-03-29,-0.32
2021-03-30,-0.288
2021-03-31,-0.293
2021-04-01,-0.329
2021-04-02,-0.329
2021-04-05,-0.329
2021-04-06,-0.317
2021-04-07,-0.325
2021-04-08,-0.336
2021-04-09,-0.304
2021-04-12,-0.295
2021-04-13,-0.293
2021-04-14,-0.259
2021-04-15,-0.292
2021-04-16,-0.264
2021-04-19,-0.235
2021-04-20,-0.263
2021-04-21,-0.263
2021-04-22,-0.253
2021-04-23,-0.259
2021-04-26,-0.254
2021-04-27,-0.25
2021-04-28,-0.232
2021-04-29,-0.194
2021-04-30,-0.203
2021-05-03,-0.205
2021-05-04,-0.239
2021-05-05,-0.228
2021-05-06,-0.226
2021-05-07,-0.216
2021-05-10,-0.213
2021-05-11,-0.162
2021-05-12,-0.125
2021-05-13,-0.121
2021-05-14,-0.131
2021-05-17,-0.116
2021-05-18,-0.104
2021-05-19,-0.111
2021-05-20,-0.11
2021-05-21,-0.131
2021-05-24,-0.141
2021-05-25,-0.168
2021-05-26,-0.207
2021-05-27,-0.173
2021-05-28,-0.183
2021-05-31,-0.188
2021-06-01,-0.179
2021-06-02,-0.199
2021-06-03,-0.184
2021-06-04,-0.214
2021-06-07,-0.199
2021-06-08,-0.225
2021-06-09,-0.245
2021-06-10,-0.257
2021-06-11,-0.274
2021-06-14,-0.252
2021-06-15,-0.232
2021-06-16,-0.25
2021-06-17,-0.197
2021-06-18,-0.202
2021-06-21,-0.173
2021-06-22,-0.165
2021-06-23,-0.179
2021-06-24,-0.19
2021-06-25,-0.156
2021-06-28,-0.191
2021-06-29,-0.171
2021-06-30,-0.209
2021-07-01,-0.202
2021-07-02,-0.236
2021-07-05,-0.212
2021-07-06,-0.269
2021-07-07,-0.299
2021-07-08,-0.308
2021-07-09,-0.294
2021-07-12,-0.296
2021-07-13,-0.295
2021-07-14,-0.32
2021-07-15,-0.335
2021-07-16,-0.355
2021-07-19,-0.387
2021-07-20,-0.411
2021-07-21,-0.396
2021-07-22,-0.427
2021-07-23,-0.421
2021-07-26,-0.419
2021-07-27,-0.442
2021-07-28,-0.451
2021-07-29,-0.451
2021-07-30,-0.462
2021-08-02,-0.488
2021-08-03,-0.483
2021-08-04,-0.502
2021-08-05,-0.5
2021-08-06,-0.457
2021-08-09,-0.461
2021-08-10,-0.458
2021-08-11,-0.465
2021-08-12,-0.461
2021-08-13,-0.468
2021-08-16,-0.47
2021-08-17,-0.472
2021-08-18,-0.483
2021-08-19,-0.491
2021-08-20,-0.496
2021-08-23,-0.482
2021-08-24,-0.479
2021-08-25,-0.423
2021-08-26,-0.408
2021-08-27,-0.425
2021-08-30,-0.441
2021-08-31,-0.385
2021-09-01,-0.375
2021-09-02,-0.386
2021-09-03,-0.363
2021-09-06,-0.368
2021-09-07,-0.323
2021-09-08,-0.324
2021-09-09,-0.362
2021-09-10,-0.332
2021-09-13,-0.332
2021-09-14,-0.341
2021-09-15,-0.307
2021-09-16,-0.303
2021-09-17,-0.281
2021-09-20,-0.321
2021-09-21,-0.318
2021-09-22,-0.325
2021-09-23,-0.259
2021-09-24,-0.229
2021-09-27,-0.224
2021-09-28,-0.2
2021-09-29,-0.214
2021-09-30,-0.2
2021-10-01,-0.226
2021-10-04,-0.215
2021-10-05,-0.189
2021-10-06,-0.183
2021-10-07,-0.186
2021-10-08,-0.152
2021-10-11,-0.122
2021-10-12,-0.087
2021-10-13,-0.129
2021-10-14,-0.192
2021-10-15,-0.169
2021-10-18,-0.149
2021-10-19,-0.107
2021-10-20,-0.127
2021-10-21,-0.103
2021-10-22,-0.107
2021-10-25,-0.116
2021-10-26,-0.119
2021-10-27,-0.18
2021-10-28,-0.137
2021-10-29,-0.107
2021-11-01,-0.104
2021-11-02,-0.166
2021-11-03,-0.17
2021-11-04,-0.227
2021-11-05,-0.283
2021-11-08,-0.245
2021-11-09,-0.3
2021-11-10,-0.25
2021-11-11,-0.233
2021-11-12,-0.26
2021-11-15,-0.23
2021-11-16,-0.244
2021-11-17,-0.248
2021-11-18,-0.277
2021-11-19,-0.344
2021-11-22,-0.303
2021-11-23,-0.222
2021-11-24,-0.23
2021-11-25,-0.253
2021-11-26,-0.338
2021-11-29,-0.319
2021-11-30,-0.351
2021-12-01,-0.345
2021-12-02,-0.372
2021-12-03,-0.391
2021-12-06,-0.391
2021-12-07,-0.377
2021-12-08,-0.315
2021-12-09,-0.356
2021-12-10,-0.349
2021-12-13,-0.384
2021-12-14,-0.371
2021-12-15,-0.364
2021-12-16,-0.352
2021-12-17,-0.382
2021-12-20,-0.371
2021-12-21,-0.309
2021-12-22,-0.295
2021-12-23,-0.253
2021-12-24,-0.253
2021-12-27,-0.246
2021-12-28,-0.24
2021-12-29,-0.188
2021-12-30,-0.182
2021-12-31,-0.182
2022-01-03,-0.122
2022-01-04,-0.124
2022-01-05,-0.086
2022-01-06,-0.063
2022-01-07,-0.045
2022-01-10,-0.036
2022-01-11,-0.029
2022-01-12,-0.061
2022-01-13,-0.092
2022-01-14,-0.048
2022-01-17,-0.027
2022-01-18,-0.02
2022-01-19,-0.014
2022-01-20,-0.027
2022-01-21,-0.067
2022-01-24,-0.109
2022-01-25,-0.082
2022-01-26,-0.076
2022-01-27,-0.06
2022-01-28,-0.047
2022-01-31,0.009
2022-02-01,0.034
2022-02-02,0.038
2022-02-03,0.139
2022-02-04,0.203
2022-02-07,0.225
2022-02-08,0.263
2022-02-09,0.21
2022-02-10,0.281
2022-02-11,0.294
2022-02-14,0.281
2022-02-15,0.306
2022-02-16,0.274
2022-02-17,0.229
2022-02-18,0.19
2022-02-21,0.205
2022-02-22,0.241
2022-02-23,0.226
2022-02-24,0.169
2022-02-25,0.229
2022-02-28,0.132
2022-03-01,-0.076
2022-03-02,0.023
2022-03-03,0.016
2022-03-04,-0.073
2022-03-07,-0.019
2022-03-08,0.109
2022-03-09,0.213
2022-03-10,0.27
2022-03-11,0.246
2022-03-14,0.365
2022-03-15,0.33
2022-03-16,0.389
2022-03-17,0.382
2022-03-18,0.37
2022-03-21,0.467
2022-03-22,0.502
2022-03-23,0.464
2022-03-24,0.529
2022-03-25,0.584
2022-03-28,0.576
2022-03-29,0.63
2022-03-30,0.643
2022-03-31,0.545
2022-04-01,0.553
2022-04-04,0.503
2022-04-05,0.612
2022-04-06,0.645
2022-04-07,0.679
2022-04-08,0.704
2022-04-11,0.814
2022-04-12,0.788
2022-04-13,0.764
2022-04-14,0.839
2022-04-15,0.839
2022-04-18,0.839
2022-04-19,0.908
2022-04-20,0.854
2022-04-21,0.945
2022-04-22,0.969
2022-04-25,0.835
2022-04-26,0.812
2022-04-27,0.799
2022-04-28,0.898
2022-04-29,0.937
2022-05-02,0.965
2022-05-03,0.963
2022-05-04,0.969
2022-05-05,1.042
2022-05-06,1.129
2022-05-09,1.093
2022-05-10,0.998
2022-05-11,0.983
2022-05-12,0.837
2022-05-13,0.944
2022-05-16,0.935
2022-05-17,1.043
2022-05-18,1.027
2022-05-19,0.947
2022-05-20,0.941
2022-05-23,1.014
2022-05-24,0.965
2022-05-25,0.949
2022-05-26,0.996
2022-05-27,0.96
2022-05-30,1.053
2022-05-31,1.12
2022-06-01,1.184
2022-06-02,1.234
2022-06-03,1.27
2022-06-06,1.319
2022-06-07,1.29
2022-06-08,1.351
2022-06-09,1.426
2022-06-10,1.514
2022-06-13,1.629
2022-06-14,1.751
2022-06-15,1.639
2022-06-16,1.71
2022-06-17,1.657
2022-06-20,1.745
2022-06-21,1.767
2022-06-22,1.633
2022-06-23,1.425
2022-06-24,1.437
2022-06-27,1.544
2022-06-28,1.624
2022-06-29,1.517
2022-06-30,1.333
2022-07-01,1.229
2022-07-04,1.33
2022-07-05,1.175
2022-07-06,1.203
2022-07-07,1.314
2022-07-08,1.341
2022-07-11,1.242
2022-07-12,1.129
2022-07-13,1.141
2022-07-14,1.174
2022-07-15,1.129
2022-07-18,1.211
2022-07-19,1.273
2022-07-20,1.253
2022-07-21,1.218
2022-07-22,1.027
2022-07-25,1.015
2022-07-26,0.922
2022-07-27,0.943
2022-07-28,0.823
2022-07-29,0.814
2022-08-01,0.776
2022-08-02,0.816
2022-08-03,0.871
2022-08-04,0.8
2022-08-05,0.952
2022-08-08,0.895
2022-08-09,0.917
2022-08-10,0.886
2022-08-11,0.969
2022-08-12,0.985
2022-08-15,0.897
2022-08-16,0.969
2022-08-17,1.08
2022-08-18,1.099
2022-08-19,1.227
2022-08-22,1.303
2022-08-23,1.316
2022-08-24,1.367
2022-08-25,1.313
2022-08-26,1.386
2022-08-29,1.5
2022-08-30,1.508
2022-08-31,1.537
2022-09-01,1.558
2022-09-02,1.521
2022-09-05,1.56
2022-09-06,1.634
2022-09-07,1.573
2022-09-08,1.712
2022-09-09,1.694
2022-09-12,1.65
2022-09-13,1.726
2022-09-14,1.712
2022-09-15,1.766
2022-09-16,1.754
2022-09-19,1.802
2022-09-20,1.923
2022-09-21,1.889
2022-09-22,1.961
2022-09-23,2.02
2022-09-26,2.111
2022-09-27,2.226
2022-09-28,2.115
2022-09-29,2.178
2022-09-30,2.105
2022-10-03,1.913
2022-10-04,1.867
2022-10-05,2.029
2022-10-06,2.082
2022-10-07,2.191
2022-10-10,2.337
2022-10-11,2.294
2022-10-12,2.309
2022-10-13,2.281
2022-10-14,2.343
2022-10-17,2.266
2022-10-18,2.281
2022-10-19,2.371
2022-10-20,2.399
2022-10-21,2.413
2022-10-24,2.327
2022-10-25,2.167
2022-10-26,2.109
2022-10-27,1.959
2022-10-28,2.099
2022-10-31,2.139
2022-11-01,2.129
2022-11-02,2.135
2022-11-03,2.242
2022-11-04,2.292
2022-11-07,2.341
2022-11-08,2.278
2022-11-09,2.167
2022-11-10,2.005
2022-11-11,2.157
2022-11-14,2.143
2022-11-15,2.105
2022-11-16,1.994
2022-11-17,2.015
2022-11-18,2.01
2022-11-21,1.989
2022-11-22,1.975
2022-11-23,1.926
2022-11-24,1.847
2022-11-25,1.971
2022-11-28,1.986
2022-11-29,1.918
2022-11-30,1.926
2022-12-01,1.81
2022-12-02,1.851
2022-12-05,1.877
2022-12-06,1.794
2022-12-07,1.778
2022-12-08,1.815
2022-12-09,1.928
2022-12-12,1.935
2022-12-13,1.92
2022-12-14,1.936
2022-12-15,2.078
2022-12-16,2.148
2022-12-19,2.199
2022-12-20,2.298
2022-12-21,2.308
2022-12-22,2.357
2022-12-23,2.393
2022-12-26,2.393
2022-12-27,2.518
2022-12-28,2.494
2022-12-29,2.433
2022-12-30,2.565
2023-01-02,2.436
2023-01-03,2.384
2023-01-04,2.268
2023-01-05,2.312
2023-01-06,2.207
2023-01-09,2.226
2023-01-10,2.304
2023-01-11,2.2
2023-01-12,2.153
2023-01-13,2.165
2023-01-16,2.171
2023-01-17,2.087
2023-01-18,2.016
2023-01-19,2.058
2023-01-20,2.172
2023-01-23,2.202
2023-01-24,2.149
2023-01-25,2.151
2023-01-26,2.209
2023-01-27,2.237
2023-01-30,2.315
2023-01-31,2.283
2023-02-01,2.282
2023-02-02,2.073
2023-02-03,2.189
2023-02-06,2.292
2023-02-07,2.344
2023-02-08,2.36
2023-02-09,2.298
2023-02-10,2.362
2023-02-13,2.367
2023-02-14,2.434
2023-02-15,2.472
2023-02-16,2.475
2023-02-17,2.438
2023-02-20,2.459
2023-02-21,2.527
2023-02-22,2.518
2023-02-23,2.475
2023-02-24,2.535
2023-02-27,2.578
2023-02-28,2.648
2023-03-01,2.707
2023-03-02,2.746
2023-03-03,2.711
2023-03-06,2.744
2023-03-07,2.688
2023-03-08,2.644
2023-03-09,2.638
2023-03-10,2.504
2023-03-13,2.253
2023-03-14,2.414
2023-03-15,2.124
2023-03-16,2.285
2023-03-17,2.102
2023-03-20,2.12
2023-03-21,2.288
2023-03-22,2.325
2023-03-23,2.192
2023-03-24,2.124
2023-03-27,2.224
2023-03-28,2.285
2023-03-29,2.325
2023-03-30,2.369
2023-03-31,2.289
2023-04-03,2.251
2023-04-04,2.246
2023-04-05,2.179
2023-04-06,2.181
2023-04-07,2.181
2023-04-10,2.181
2023-04-11,2.307
2023-04-12,2.366
2023-04-13,2.369
2023-04-14,2.436
2023-04-17,2.47
2023-04-18,2.474
2023-04-19,2.513
2023-04-20,2.443
2023-04-21,2.479
2023-04-24,2.506
2023-04-25,2.381
2023-04-26,2.394
2023-04-27,2.457
2023-04-28,2.31
2023-05-01,2.31
2023-05-02,2.256
2023-05-03,2.246
2023-05-04,2.188
2023-05-05,2.289
2023-05-08,2.317
2023-05-09,2.347
2023-05-10,2.33
