Date,NEIXCTAT 
2010-01-04,2242.252
2010-01-05,2253.571
2010-01-06,2275.848
2010-01-07,2264.398
2010-01-08,2268.406
2010-01-11,2277.268
2010-01-12,2251.226
2010-01-13,2250.854
2010-01-14,2266.655
2010-01-15,2242.445
2010-01-18,2246.302
2010-01-19,2262.574
2010-01-20,2217.649
2010-01-21,2190.431
2010-01-22,2166.256
2010-01-25,2170.012
2010-01-26,2162.284
2010-01-27,2136.718
2010-01-28,2125.652
2010-01-29,2119.494
2010-02-01,2126.746
2010-02-02,2132.689
2010-02-03,2122.464
2010-02-04,2101.076
2010-02-05,2096.679
2010-02-08,2094.14
2010-02-09,2104.426
2010-02-10,2094.026
2010-02-11,2113.58
2010-02-12,2122.493
2010-02-15,2124.505
2010-02-16,2140.065
2010-02-17,2139.083
2010-02-18,2143.051
2010-02-19,2140.093
2010-02-22,2137.029
2010-02-23,2133.144
2010-02-24,2143.66
2010-02-25,2146.151
2010-02-26,2161.331
2010-03-01,2177.219
2010-03-02,2192.479
2010-03-03,2191.13
2010-03-04,2188.289
2010-03-05,2199.862
2010-03-08,2202.335
2010-03-09,2214.012
2010-03-10,2208.607
2010-03-11,2197.988
2010-03-12,2193.698
2010-03-15,2187.865
2010-03-16,2215.353
2010-03-17,2242.786
2010-03-18,2237.132
2010-03-19,2217.863
2010-03-22,2226.134
2010-03-23,2242.921
2010-03-24,2214.524
2010-03-25,2218.109
2010-03-26,2209.52
2010-03-29,2247.944
2010-03-30,2255.452
2010-03-31,2267.198
2010-04-01,2288.376
2010-04-02,2289.926
2010-04-05,2302.023
2010-04-06,2313.073
2010-04-07,2307.154
2010-04-08,2307.65
2010-04-09,2311.277
2010-04-12,2305.684
2010-04-13,2294.414
2010-04-14,2325.983
2010-04-15,2342.139
2010-04-16,2301.196
2010-04-19,2284.112
2010-04-20,2312.769
2010-04-21,2318.372
2010-04-22,2305.747
2010-04-23,2313.674
2010-04-26,2332.188
2010-04-27,2289.385
2010-04-28,2285.076
2010-04-29,2313.85
2010-04-30,2313.11
2010-05-03,2325.494
2010-05-04,2272.652
2010-05-05,2258.58
2010-05-06,2229.017
2010-05-07,2189.789
2010-05-10,2226.938
2010-05-11,2232.697
2010-05-12,2251.258
2010-05-13,2261.147
2010-05-14,2260.847
2010-05-17,2240.3
2010-05-18,2252.723
2010-05-19,2225.059
2010-05-20,2195.137
2010-05-21,2195.87
2010-05-24,2203.024
2010-05-25,2215.478
2010-05-26,2211.18
2010-05-27,2192.141
2010-05-28,2207.844
2010-05-31,2208.939
2010-06-01,2209.71
2010-06-02,2213.76
2010-06-03,2199.543
2010-06-04,2229.574
2010-06-07,2239.504
2010-06-08,2250.007
2010-06-09,2235.801
2010-06-10,2214.102
2010-06-11,2224.241
2010-06-14,2194.881
2010-06-15,2190.592
2010-06-16,2190.701
2010-06-17,2196.082
2010-06-18,2193.693
2010-06-21,2187.017
2010-06-22,2202.304
2010-06-23,2198.728
2010-06-24,2200.137
2010-06-25,2204.654
2010-06-28,2216.844
2010-06-29,2213.523
2010-06-30,2196.926
2010-07-01,2167.267
2010-07-02,2149.088
2010-07-05,2153.836
2010-07-06,2150.555
2010-07-07,2148.506
2010-07-08,2133.026
2010-07-09,2133.214
2010-07-12,2142.956
2010-07-13,2135.19
2010-07-14,2133.768
2010-07-15,2141.558
2010-07-16,2140.327
2010-07-19,2130.235
2010-07-20,2135.216
2010-07-21,2147.179
2010-07-22,2154.54
2010-07-23,2136.243
2010-07-26,2128.649
2010-07-27,2110.375
2010-07-28,2116.944
2010-07-29,2130.349
2010-07-30,2161.322
2010-08-02,2175.842
2010-08-03,2187.284
2010-08-04,2194.45
2010-08-05,2202.199
2010-08-06,2199.547
2010-08-09,2208.715
2010-08-10,2200.057
2010-08-11,2203.099
2010-08-12,2202.156
2010-08-13,2205.486
2010-08-16,2235.86
2010-08-17,2236.629
2010-08-18,2242.243
2010-08-19,2239.763
2010-08-20,2243.367
2010-08-23,2250.941
2010-08-24,2260.088
2010-08-25,2253.455
2010-08-26,2256.116
2010-08-27,2246.679
2010-08-30,2259.269
2010-08-31,2279.036
2010-09-01,2267
2010-09-02,2267.723
2010-09-03,2255.648
2010-09-06,2252.454
2010-09-07,2286.146
2010-09-08,2276.247
2010-09-09,2262.093
2010-09-10,2237.477
2010-09-13,2256.272
2010-09-14,2293.029
2010-09-15,2262.201
2010-09-16,2244.445
2010-09-17,2265.343
2010-09-20,2280.818
2010-09-21,2287.895
2010-09-22,2306.519
2010-09-23,2302.208
2010-09-24,2332.388
2010-09-27,2346.405
2010-09-28,2360.901
2010-09-29,2354.975
2010-09-30,2339.185
2010-10-01,2329.026
2010-10-04,2324.273
2010-10-05,2372.982
2010-10-06,2393.39
2010-10-07,2392.225
2010-10-08,2444.404
2010-10-11,2456.193
2010-10-12,2466.772
2010-10-13,2488.901
2010-10-14,2490.853
2010-10-15,2472.333
2010-10-18,2481.258
2010-10-19,2429.574
2010-10-20,2468.668
2010-10-21,2455.643
2010-10-22,2453.605
2010-10-25,2486.442
2010-10-26,2458.163
2010-10-27,2416.343
2010-10-28,2441.156
2010-10-29,2454.868
2010-11-01,2467.869
2010-11-02,2488.774
2010-11-03,2486.609
2010-11-04,2555.421
2010-11-05,2550.778
2010-11-08,2541.649
2010-11-09,2544.754
2010-11-10,2520.2
2010-11-11,2503.053
2010-11-12,2437.365
2010-11-15,2431.086
2010-11-16,2362.214
2010-11-17,2355.937
2010-11-18,2384.689
2010-11-19,2369.608
2010-11-22,2367.921
2010-11-23,2350.1
2010-11-24,2369.587
2010-11-25,2371.516
2010-11-26,2346.665
2010-11-29,2353.222
2010-11-30,2359.646
2010-12-01,2385.885
2010-12-02,2402.078
2010-12-03,2418.114
2010-12-06,2424.745
2010-12-07,2409.842
2010-12-08,2392.631
2010-12-09,2398.237
2010-12-10,2398.544
2010-12-13,2423.129
2010-12-14,2425.477
2010-12-15,2414.946
2010-12-16,2414.963
2010-12-17,2426.347
2010-12-20,2438.928
2010-12-21,2465.787
2010-12-22,2473.71
2010-12-23,2479.13
2010-12-24,2477.712
2010-12-27,2474.481
2010-12-28,2486.504
2010-12-29,2491.93
2010-12-30,2478.905
2010-12-31,2493.391
2011-01-03,2500.982
2011-01-04,2463.562
2011-01-05,2460.218
2011-01-06,2454.257
2011-01-07,2446.201
2011-01-10,2449.724
2011-01-11,2459.291
2011-01-12,2484.973
2011-01-13,2472.836
2011-01-14,2466.012
2011-01-17,2467.236
2011-01-18,2481.698
2011-01-19,2469.671
2011-01-20,2426.821
2011-01-21,2439.707
2011-01-24,2449.142
2011-01-25,2427.993
2011-01-26,2457.463
2011-01-27,2467.944
2011-01-28,2449.22
2011-01-31,2464.731
2011-02-01,2508.133
2011-02-02,2513.691
2011-02-03,2502.605
2011-02-04,2502.241
2011-02-07,2507.165
2011-02-08,2515.836
2011-02-09,2521.537
2011-02-10,2505.735
2011-02-11,2496.778
2011-02-14,2509.282
2011-02-15,2498.861
2011-02-16,2514.318
2011-02-17,2524.025
2011-02-18,2529.252
2011-02-21,2521.326
2011-02-22,2472.231
2011-02-23,2471.984
2011-02-24,2468.63
2011-02-25,2490.764
2011-02-28,2510.562
2011-03-01,2513.586
2011-03-02,2524.182
2011-03-03,2541.629
2011-03-04,2545.148
2011-03-07,2523.351
2011-03-08,2511.093
2011-03-09,2511.687
2011-03-10,2470.756
2011-03-11,2463.638
2011-03-14,2445.993
2011-03-15,2356.131
2011-03-16,2345.639
2011-03-17,2374.992
2011-03-18,2388.921
2011-03-21,2401.543
2011-03-22,2400.269
2011-03-23,2395.352
2011-03-24,2402.689
2011-03-25,2384.571
2011-03-28,2372.631
2011-03-29,2376.44
2011-03-30,2383.217
2011-03-31,2408.201
2011-04-01,2418.519
2011-04-04,2423.984
2011-04-05,2433.048
2011-04-06,2452.604
2011-04-07,2449.908
2011-04-08,2485.747
2011-04-11,2471.23
2011-04-12,2426.216
2011-04-13,2433.58
2011-04-14,2435.202
2011-04-15,2445.317
2011-04-18,2392.173
2011-04-19,2407.456
2011-04-20,2456.69
2011-04-21,2466.674
2011-04-22,2466.524
2011-04-25,2468.816
2011-04-26,2478.789
2011-04-27,2491.691
2011-04-28,2503.655
2011-04-29,2522.374
2011-05-02,2519.002
2011-05-03,2495.735
2011-05-04,2465.819
2011-05-05,2380.416
2011-05-06,2374.548
2011-05-09,2394.525
2011-05-10,2410.401
2011-05-11,2374.054
2011-05-12,2365.998
2011-05-13,2351.704
2011-05-16,2346.262
2011-05-17,2340.495
2011-05-18,2350.457
2011-05-19,2361.526
2011-05-20,2359.422
2011-05-23,2333.6
2011-05-24,2340.083
2011-05-25,2342.779
2011-05-26,2364.87
2011-05-27,2381.563
2011-05-30,2382.51
2011-05-31,2396.038
2011-06-01,2396.142
2011-06-02,2392.743
2011-06-03,2399.391
2011-06-06,2389.535
2011-06-07,2393.15
2011-06-08,2389.435
2011-06-09,2389.619
2011-06-10,2378.601
2011-06-13,2376.642
2011-06-14,2362.146
2011-06-15,2341.544
2011-06-16,2351.3
2011-06-17,2356.558
2011-06-20,2353.573
2011-06-21,2356.6
2011-06-22,2363.377
2011-06-23,2355.057
2011-06-24,2353.005
2011-06-27,2345.784
2011-06-28,2331.949
2011-06-29,2324.332
2011-06-30,2315.96
2011-07-01,2310.629
2011-07-04,2312.976
2011-07-05,2323.99
2011-07-06,2337.443
2011-07-07,2355.343
2011-07-08,2364.381
2011-07-11,2359.216
2011-07-12,2361.748
2011-07-13,2377.459
2011-07-14,2366.317
2011-07-15,2375.655
2011-07-18,2368.397
2011-07-19,2385.666
2011-07-20,2378.423
2011-07-21,2377.266
2011-07-22,2393.693
2011-07-25,2398.108
2011-07-26,2417.044
2011-07-27,2399.252
2011-07-28,2398.015
2011-07-29,2426.16
2011-08-01,2421.32
2011-08-02,2425.177
2011-08-03,2423.898
2011-08-04,2383.627
2011-08-05,2379.597
2011-08-08,2371.967
2011-08-09,2387.984
2011-08-10,2410.632
2011-08-11,2392.781
2011-08-12,2390.555
2011-08-15,2382.687
2011-08-16,2391.364
2011-08-17,2402.543
2011-08-18,2428.661
2011-08-19,2440.917
2011-08-22,2442.086
2011-08-23,2425.138
2011-08-24,2402.574
2011-08-25,2398.848
2011-08-26,2415.01
2011-08-29,2403.74
2011-08-30,2414.984
2011-08-31,2397.636
2011-09-01,2396.894
2011-09-02,2424.519
2011-09-05,2436.285
2011-09-06,2430.648
2011-09-07,2417.041
2011-09-08,2420.17
2011-09-09,2426.22
2011-09-12,2415.135
2011-09-13,2404.273
2011-09-14,2393.809
2011-09-15,2374.117
2011-09-16,2380.588
2011-09-19,2392.299
2011-09-20,2398.472
2011-09-21,2398.805
2011-09-22,2414.369
2011-09-23,2399.465
2011-09-26,2387.44
2011-09-27,2345.073
2011-09-28,2353.342
2011-09-29,2347.072
2011-09-30,2371.653
2011-10-03,2396.858
2011-10-04,2411.14
2011-10-05,2391.49
2011-10-06,2361.863
2011-10-07,2351.254
2011-10-10,2320.672
2011-10-11,2314.4
2011-10-12,2295.136
2011-10-13,2303.924
2011-10-14,2285.145
2011-10-17,2296.693
2011-10-18,2311.483
2011-10-19,2307.174
2011-10-20,2318.585
2011-10-21,2305.637
2011-10-24,2288.485
2011-10-25,2296.708
2011-10-26,2299.103
2011-10-27,2270.57
2011-10-28,2263.353
2011-10-31,2261.104
2011-11-01,2286.214
2011-11-02,2287.681
2011-11-03,2286.806
2011-11-04,2289.872
2011-11-07,2306.19
2011-11-08,2305.022
2011-11-09,2308.359
2011-11-10,2311.827
2011-11-11,2306.847
2011-11-14,2312.467
2011-11-15,2325.051
2011-11-16,2322.954
2011-11-17,2304.594
2011-11-18,2297.047
2011-11-21,2295.992
2011-11-22,2303.653
2011-11-23,2307.794
2011-11-24,2306.919
2011-11-25,2301.856
2011-11-28,2288.024
2011-11-29,2273.408
2011-11-30,2258.205
2011-12-01,2241.825
2011-12-02,2249.632
2011-12-05,2249.656
2011-12-06,2253.102
2011-12-07,2262.216
2011-12-08,2266.474
2011-12-09,2270.693
2011-12-12,2279.082
2011-12-13,2292.051
2011-12-14,2298.863
2011-12-15,2297.04
2011-12-16,2298.466
2011-12-19,2298.926
2011-12-20,2279.749
2011-12-21,2268.93
2011-12-22,2269.47
2011-12-23,2264.565
2011-12-26,2264.029
2011-12-27,2263.521
2011-12-28,2278.672
2011-12-29,2295.778
2011-12-30,2295.589
2012-01-02,2292.255
2012-01-03,2271.906
2012-01-04,2278.354
2012-01-05,2298.667
2012-01-06,2307.779
2012-01-09,2303.627
2012-01-10,2295.184
2012-01-11,2316.493
2012-01-12,2308.258
2012-01-13,2324.327
2012-01-16,2333.587
2012-01-17,2330.367
2012-01-18,2320.926
2012-01-19,2299.446
2012-01-20,2281.064
2012-01-23,2265.123
2012-01-24,2250.034
2012-01-25,2260.173
2012-01-26,2290.834
2012-01-27,2295.647
2012-01-30,2304.578
2012-01-31,2319.976
2012-02-01,2329.785
2012-02-02,2329.093
2012-02-03,2327.968
2012-02-06,2330.785
2012-02-07,2317.976
2012-02-08,2316.63
2012-02-09,2310.919
2012-02-10,2306.26
2012-02-13,2316.405
2012-02-14,2317.919
2012-02-15,2334.47
2012-02-16,2330.433
2012-02-17,2323.552
2012-02-20,2326.726
2012-02-21,2329.478
2012-02-22,2335.722
2012-02-23,2352.41
2012-02-24,2359.481
2012-02-27,2369.694
2012-02-28,2372.317
2012-02-29,2355.634
2012-03-01,2374.187
2012-03-02,2374.069
2012-03-05,2348.318
2012-03-06,2312.279
2012-03-07,2332.018
2012-03-08,2358.313
2012-03-09,2371.004
2012-03-12,2367.137
2012-03-13,2380.097
2012-03-14,2334.197
2012-03-15,2320.146
2012-03-16,2322.246
2012-03-19,2323.327
2012-03-20,2297.358
2012-03-21,2302.669
2012-03-22,2289.161
2012-03-23,2304.361
2012-03-26,2324.229
2012-03-27,2327.115
2012-03-28,2311.411
2012-03-29,2300.26
2012-03-30,2302.678
2012-04-02,2326.586
2012-04-03,2315.358
2012-04-04,2282.564
2012-04-05,2300.541
2012-04-06,2297.401
2012-04-09,2282.597
2012-04-10,2275.104
2012-04-11,2269.055
2012-04-12,2287.883
2012-04-13,2300.222
2012-04-16,2279.66
2012-04-17,2289.51
2012-04-18,2291.515
2012-04-19,2288.955
2012-04-20,2285.984
2012-04-23,2288.381
2012-04-24,2280.756
2012-04-25,2295.987
2012-04-26,2318.382
2012-04-27,2320.906
2012-04-30,2319.329
2012-05-01,2318.16
2012-05-02,2330.058
2012-05-03,2312.881
2012-05-04,2295.735
2012-05-07,2291.595
2012-05-08,2291.021
2012-05-09,2291.915
2012-05-10,2290.944
2012-05-11,2293.709
2012-05-14,2302.889
2012-05-15,2302.815
2012-05-16,2294.547
2012-05-17,2282.494
2012-05-18,2269.428
2012-05-21,2273.727
2012-05-22,2271.046
2012-05-23,2316.297
2012-05-24,2314.967
2012-05-25,2314.678
2012-05-28,2314.547
2012-05-29,2325.739
2012-05-30,2373.122
2012-05-31,2387.801
2012-06-01,2405.427
2012-06-04,2391.107
2012-06-05,2382.853
2012-06-06,2345.163
2012-06-07,2319.721
2012-06-08,2350.421
2012-06-11,2345.31
2012-06-12,2332.269
2012-06-13,2314.506
2012-06-14,2315.328
2012-06-15,2325.961
2012-06-18,2329.069
2012-06-19,2301.839
2012-06-20,2294.273
2012-06-21,2327.76
2012-06-22,2324.134
2012-06-25,2339.197
2012-06-26,2333.501
2012-06-27,2329.89
2012-06-28,2347.795
2012-06-29,2274.535
2012-07-02,2300.036
2012-07-03,2274.423
2012-07-04,2282.554
2012-07-05,2323.282
2012-07-06,2351.519
2012-07-09,2354.849
2012-07-10,2365.918
2012-07-11,2364.901
2012-07-12,2383.425
2012-07-13,2376.131
2012-07-16,2387.415
2012-07-17,2384.649
2012-07-18,2405.824
2012-07-19,2397.008
2012-07-20,2423.653
2012-07-23,2422.86
2012-07-24,2415.305
2012-07-25,2414.538
2012-07-26,2394.733
2012-07-27,2369.475
2012-07-30,2389.544
2012-07-31,2392.285
2012-08-01,2380.743
2012-08-02,2397.413
2012-08-03,2374.885
2012-08-06,2372.109
2012-08-07,2341.227
2012-08-08,2347.218
2012-08-09,2356.37
2012-08-10,2374.259
2012-08-13,2358.164
2012-08-14,2342.585
2012-08-15,2337.014
2012-08-16,2329.306
2012-08-17,2333.589
2012-08-20,2336.676
2012-08-21,2327.884
2012-08-22,2332.276
2012-08-23,2324.728
2012-08-24,2331.887
2012-08-27,2331.455
2012-08-28,2327.874
2012-08-29,2327.589
2012-08-30,2328.241
2012-08-31,2344.402
2012-09-03,2341.37
2012-09-04,2328.229
2012-09-05,2315.76
2012-09-06,2327.485
2012-09-07,2335.748
2012-09-10,2316.929
2012-09-11,2319.306
2012-09-12,2302.844
2012-09-13,2331.803
2012-09-14,2318.776
2012-09-17,2286.389
2012-09-18,2285.623
2012-09-19,2292.289
2012-09-20,2296.758
2012-09-21,2301.937
2012-09-24,2293.399
2012-09-25,2287.204
2012-09-26,2274.515
2012-09-27,2297.389
2012-09-28,2295.831
2012-10-01,2295.627
2012-10-02,2286.605
2012-10-03,2282.367
2012-10-04,2294.93
2012-10-05,2278.955
2012-10-08,2274.771
2012-10-09,2260.778
2012-10-10,2252.259
2012-10-11,2269.882
2012-10-12,2257.643
2012-10-15,2254.806
2012-10-16,2244.498
2012-10-17,2232.639
2012-10-18,2219.278
2012-10-19,2192.862
2012-10-22,2183.543
2012-10-23,2165.829
2012-10-24,2168.211
2012-10-25,2164.9
2012-10-26,2170.653
2012-10-29,2175.295
2012-10-30,2177.014
2012-10-31,2184.299
2012-11-01,2195.901
2012-11-02,2182.764
2012-11-05,2191.516
2012-11-06,2199.153
2012-11-07,2199.548
2012-11-08,2190.995
2012-11-09,2189.244
2012-11-12,2181.285
2012-11-13,2181.65
2012-11-14,2170.946
2012-11-15,2165.33
2012-11-16,2166.271
2012-11-19,2167
2012-11-20,2156.409
2012-11-21,2158.142
2012-11-22,2161.591
2012-11-23,2172.422
2012-11-26,2173.393
2012-11-27,2170.356
2012-11-28,2184.367
2012-11-29,2189.678
2012-11-30,2186.807
2012-12-03,2172.89
2012-12-04,2174.9
2012-12-05,2196.566
2012-12-06,2215.764
2012-12-07,2213.826
2012-12-10,2221.092
2012-12-11,2226.414
2012-12-12,2234.959
2012-12-13,2214.829
2012-12-14,2216.315
2012-12-17,2208.405
2012-12-18,2208.62
2012-12-19,2212.228
2012-12-20,2209.222
2012-12-21,2188.123
2012-12-24,2187.729
2012-12-25,2188.75
2012-12-26,2192.216
2012-12-27,2210.417
2012-12-28,2201.149
2012-12-31,2214.679
2013-01-01,2214.579
2013-01-02,2243.67
2013-01-03,2234.428
2013-01-04,2228.427
2013-01-07,2225.159
2013-01-08,2218.974
2013-01-09,2234.851
2013-01-10,2247.791
2013-01-11,2237.932
2013-01-14,2240.704
2013-01-15,2228.475
2013-01-16,2221.253
2013-01-17,2233.011
2013-01-18,2237.175
2013-01-21,2237.581
2013-01-22,2247.905
2013-01-23,2244.378
2013-01-24,2261.027
2013-01-25,2264.267
2013-01-28,2256.756
2013-01-29,2274.709
2013-01-30,2272.908
2013-01-31,2274.081
2013-02-01,2302.214
2013-02-04,2273.18
2013-02-05,2280.525
2013-02-06,2282.437
2013-02-07,2267.319
2013-02-08,2280.58
2013-02-11,2278.786
2013-02-12,2295.787
2013-02-13,2301.862
2013-02-14,2306.4
2013-02-15,2298.052
2013-02-18,2300.729
2013-02-19,2319.747
2013-02-20,2300.317
2013-02-21,2256.535
2013-02-22,2273.409
2013-02-25,2271.096
2013-02-26,2229.165
2013-02-27,2238.931
2013-02-28,2253.514
2013-03-01,2262.288
2013-03-04,2257.409
2013-03-05,2277.586
2013-03-06,2292.228
2013-03-07,2280.525
2013-03-08,2294.939
2013-03-11,2301.657
2013-03-12,2296.932
2013-03-13,2294.255
2013-03-14,2296.321
2013-03-15,2304.417
2013-03-18,2298.987
2013-03-19,2296.223
2013-03-20,2298.582
2013-03-21,2286.559
2013-03-22,2280.149
2013-03-25,2282.92
2013-03-26,2293.943
2013-03-27,2302.213
2013-03-28,2297.988
2013-03-29,2296.126
2013-04-01,2284.78
2013-04-02,2303.136
2013-04-03,2291.275
2013-04-04,2307.732
2013-04-05,2300.432
2013-04-08,2311.858
2013-04-09,2303.124
2013-04-10,2327.66
2013-04-11,2340.394
2013-04-12,2358.689
2013-04-15,2352.846
2013-04-16,2344.975
2013-04-17,2346.314
2013-04-18,2340.924
2013-04-19,2351.772
2013-04-22,2357.51
2013-04-23,2378.209
2013-04-24,2379.426
2013-04-25,2357.177
2013-04-26,2369.579
2013-04-29,2381.859
2013-04-30,2384.665
2013-05-01,2396.849
2013-05-02,2397.291
2013-05-03,2375.148
2013-05-06,2364.762
2013-05-07,2360.445
2013-05-08,2376.184
2013-05-09,2373.415
2013-05-10,2359.002
2013-05-13,2353.761
2013-05-14,2368.886
2013-05-15,2391.411
2013-05-16,2396.09
2013-05-17,2419.735
2013-05-20,2410.403
2013-05-21,2413.126
2013-05-22,2419.943
2013-05-23,2367.498
2013-05-24,2355.476
2013-05-27,2353.671
2013-05-28,2365.861
2013-05-29,2322.697
2013-05-30,2309.578
2013-05-31,2297.422
2013-06-03,2262.183
2013-06-04,2263.53
2013-06-05,2232.291
2013-06-06,2206.997
2013-06-07,2224.486
2013-06-10,2236.23
2013-06-11,2222.338
2013-06-12,2211.246
2013-06-13,2209.659
2013-06-14,2203.893
2013-06-17,2214.874
2013-06-18,2229.103
2013-06-19,2218.188
2013-06-20,2224.631
2013-06-21,2211.228
2013-06-24,2205.51
2013-06-25,2205.152
2013-06-26,2219.306
2013-06-27,2229.735
2013-06-28,2231.511
2013-07-01,2219.365
2013-07-02,2222.201
2013-07-03,2224.596
2013-07-04,2220.789
2013-07-05,2259.595
2013-07-08,2248.148
2013-07-09,2249.292
2013-07-10,2247.021
2013-07-11,2222.83
2013-07-12,2236.536
2013-07-15,2242.284
2013-07-16,2226.404
2013-07-17,2234.66
2013-07-18,2241.066
2013-07-19,2236.149
2013-07-22,2220.752
2013-07-23,2217.399
2013-07-24,2226.41
2013-07-25,2214.542
2013-07-26,2208.61
2013-07-29,2202.087
2013-07-30,2214.256
2013-07-31,2213.958
2013-08-01,2258.12
2013-08-02,2252.865
2013-08-05,2253.197
2013-08-06,2242.282
2013-08-07,2224.05
2013-08-08,2205.224
2013-08-09,2200.69
2013-08-12,2192.733
2013-08-13,2220.28
2013-08-14,2215.159
2013-08-15,2192.091
2013-08-16,2199.724
2013-08-19,2193.079
2013-08-20,2186.582
2013-08-21,2177.177
2013-08-22,2197.695
2013-08-23,2208.178
2013-08-26,2188.855
2013-08-27,2172.239
2013-08-28,2180.732
2013-08-29,2175.045
2013-08-30,2157.988
2013-09-02,2164.329
2013-09-03,2181.943
2013-09-04,2181.936
2013-09-05,2202.652
2013-09-06,2192.162
2013-09-09,2189.703
2013-09-10,2196.334
2013-09-11,2191.74
2013-09-12,2193.334
2013-09-13,2197.479
2013-09-16,2191.11
2013-09-17,2190.122
2013-09-18,2209.147
2013-09-19,2198.567
2013-09-20,2197.101
2013-09-23,2177.169
2013-09-24,2174.781
2013-09-25,2163.532
2013-09-26,2166.889
2013-09-27,2163.589
2013-09-30,2145.154
2013-10-01,2162.124
2013-10-02,2158.871
2013-10-03,2152.356
2013-10-04,2153.068
2013-10-07,2135.208
2013-10-08,2118.306
2013-10-09,2105.576
2013-10-10,2140.391
2013-10-11,2157.445
2013-10-14,2157.089
2013-10-15,2158.634
2013-10-16,2169.851
2013-10-17,2186.574
2013-10-18,2199.886
2013-10-21,2201.495
2013-10-22,2224.908
2013-10-23,2199.169
2013-10-24,2203.548
2013-10-25,2195.961
2013-10-28,2207.83
2013-10-29,2208.695
2013-10-30,2210.283
2013-10-31,2199.816
2013-11-01,2180.458
2013-11-04,2198.106
2013-11-05,2184.235
2013-11-06,2200.666
2013-11-07,2184.801
2013-11-08,2174.417
2013-11-11,2177.208
2013-11-12,2177.743
2013-11-13,2184.61
2013-11-14,2201.574
2013-11-15,2206.308
2013-11-18,2223.344
2013-11-19,2212.208
2013-11-20,2206.016
2013-11-21,2215.984
2013-11-22,2224.632
2013-11-25,2236.165
2013-11-26,2238.087
2013-11-27,2256.513
2013-11-28,2261.513
2013-11-29,2259.264
2013-12-02,2265.274
2013-12-03,2244.685
2013-12-04,2214.609
2013-12-05,2197.4
2013-12-06,2222.282
2013-12-09,2229.828
2013-12-10,2207.725
2013-12-11,2185.693
2013-12-12,2186.377
2013-12-13,2178.159
2013-12-16,2188.29
2013-12-17,2192.087
2013-12-18,2220.287
2013-12-19,2231.758
2013-12-20,2233.274
2013-12-23,2244.208
2013-12-24,2249.674
2013-12-25,2250.042
2013-12-26,2256.67
2013-12-27,2272.054
2013-12-30,2277.3
2013-12-31,2273.861
2014-01-01,2274.118
2014-01-02,2225.519
2014-01-03,2202.734
2014-01-06,2191.699
2014-01-07,2208.188
2014-01-08,2228.358
2014-01-09,2219.393
2014-01-10,2206.289
2014-01-13,2187.234
2014-01-14,2207.871
2014-01-15,2234.074
2014-01-16,2227.458
2014-01-17,2231.06
2014-01-20,2231.439
2014-01-21,2237.355
2014-01-22,2244.824
2014-01-23,2227.668
2014-01-24,2183.777
2014-01-27,2164.014
2014-01-28,2176.922
2014-01-29,2182.986
2014-01-30,2179.584
2014-01-31,2171.352
2014-02-03,2134.333
2014-02-04,2118.856
2014-02-05,2106.428
2014-02-06,2109.09
2014-02-07,2133.186
2014-02-10,2129.384
2014-02-11,2134.2
2014-02-12,2119.84
2014-02-13,2145.989
2014-02-14,2140.952
2014-02-17,2141.769
2014-02-18,2153.552
2014-02-19,2152.553
2014-02-20,2144.14
2014-02-21,2157.662
2014-02-24,2156.932
2014-02-25,2162.876
2014-02-26,2171.179
2014-02-27,2181.744
2014-02-28,2185.305
2014-03-03,2166.313
2014-03-04,2184.473
2014-03-05,2171.94
2014-03-06,2175.112
2014-03-07,2172.977
2014-03-10,2159.53
2014-03-11,2153.752
2014-03-12,2144.541
2014-03-13,2132.524
2014-03-14,2130.303
2014-03-17,2135.443
2014-03-18,2154.28
2014-03-19,2128.343
2014-03-20,2113.237
2014-03-21,2105.493
2014-03-24,2103.828
2014-03-25,2114.34
2014-03-26,2116.893
2014-03-27,2128.096
2014-03-28,2130.359
2014-03-31,2139.87
2014-04-01,2144.012
2014-04-02,2128.133
2014-04-03,2129.563
2014-04-04,2135.358
2014-04-07,2123.183
2014-04-08,2128.477
2014-04-09,2152.289
2014-04-10,2148.152
2014-04-11,2129.81
2014-04-14,2133.214
2014-04-15,2136.157
2014-04-16,2151.304
2014-04-17,2149.526
2014-04-18,2149.611
2014-04-21,2149.237
2014-04-22,2152.235
2014-04-23,2145.761
2014-04-24,2149.169
2014-04-25,2135.755
2014-04-28,2136.992
2014-04-29,2156.11
2014-04-30,2162.986
2014-05-01,2158.384
2014-05-02,2160.592
2014-05-05,2151.659
2014-05-06,2158.702
2014-05-07,2163.339
2014-05-08,2173.567
2014-05-09,2155.702
2014-05-12,2157.976
2014-05-13,2174.578
2014-05-14,2187.802
2014-05-15,2177.282
2014-05-16,2181.34
2014-05-19,2186.951
2014-05-20,2174.085
2014-05-21,2188.439
2014-05-22,2190.155
2014-05-23,2200.226
2014-05-26,2204.991
2014-05-27,2212.086
2014-05-28,2227.065
2014-05-29,2236.903
2014-05-30,2227.085
2014-06-02,2212.745
2014-06-03,2189.357
2014-06-04,2183.11
2014-06-05,2207.476
2014-06-06,2224.487
2014-06-09,2233.279
2014-06-10,2226.077
2014-06-11,2221.835
2014-06-12,2237.564
2014-06-13,2234.67
2014-06-16,2230.879
2014-06-17,2219.816
2014-06-18,2238.382
2014-06-19,2257.977
2014-06-20,2249.664
2014-06-23,2240.393
2014-06-24,2242.506
2014-06-25,2249.839
2014-06-26,2257.495
2014-06-27,2255.381
2014-06-30,2258.1
2014-07-01,2275.57
2014-07-02,2266.425
2014-07-03,2273.26
2014-07-04,2272.252
2014-07-07,2261.024
2014-07-08,2254.159
2014-07-09,2259.431
2014-07-10,2255.188
2014-07-11,2259.652
2014-07-14,2259.329
2014-07-15,2254.154
2014-07-16,2267.284
2014-07-17,2267.095
2014-07-18,2271.858
2014-07-21,2277.898
2014-07-22,2303.552
2014-07-23,2314.168
2014-07-24,2298.054
2014-07-25,2295.165
2014-07-28,2295.098
2014-07-29,2300.412
2014-07-30,2280.401
2014-07-31,2234.017
2014-08-01,2221.426
2014-08-04,2234.45
2014-08-05,2220.681
2014-08-06,2206.47
2014-08-07,2210.531
2014-08-08,2212.192
2014-08-11,2223.145
2014-08-12,2233.266
2014-08-13,2246.565
2014-08-14,2267.23
2014-08-15,2276.519
2014-08-18,2289.165
2014-08-19,2297.462
2014-08-20,2303.736
2014-08-21,2296.687
2014-08-22,2307.484
2014-08-25,2325.592
2014-08-26,2336.878
2014-08-27,2348.107
2014-08-28,2344.994
2014-08-29,2357.018
2014-09-01,2360.011
2014-09-02,2359.203
2014-09-03,2357.664
2014-09-04,2392.306
2014-09-05,2398.157
2014-09-08,2400.017
2014-09-09,2368.624
2014-09-10,2370.409
2014-09-11,2367.034
2014-09-12,2350.161
2014-09-15,2342.382
2014-09-16,2340.344
2014-09-17,2357.592
2014-09-18,2374.802
2014-09-19,2413.058
2014-09-22,2411.474
2014-09-23,2399.918
2014-09-24,2415.416
2014-09-25,2407.59
2014-09-26,2422.131
2014-09-29,2410.266
2014-09-30,2435.602
2014-10-01,2433.286
2014-10-02,2405.894
2014-10-03,2446.359
2014-10-06,2423.842
2014-10-07,2411.55
2014-10-08,2428.932
2014-10-09,2429.841
2014-10-10,2438.319
2014-10-13,2427.759
2014-10-14,2447.946
2014-10-15,2469.393
2014-10-16,2436.829
2014-10-17,2429.534
2014-10-20,2441.221
2014-10-21,2434.932
2014-10-22,2446.49
2014-10-23,2433.733
2014-10-24,2441.471
2014-10-27,2443.936
2014-10-28,2433.394
2014-10-29,2414.387
2014-10-30,2443.615
2014-10-31,2478.602
2014-11-03,2486.418
2014-11-04,2505.147
2014-11-05,2514.447
2014-11-06,2521.622
2014-11-07,2507.295
2014-11-10,2516.088
2014-11-11,2509.864
2014-11-12,2520.293
2014-11-13,2545.367
2014-11-14,2536.945
2014-11-17,2545.587
2014-11-18,2543.775
2014-11-19,2539.012
2014-11-20,2544.814
2014-11-21,2563.12
2014-11-24,2570.53
2014-11-25,2584.909
2014-11-26,2594
2014-11-27,2609.163
2014-11-28,2659.299
2014-12-01,2624.761
2014-12-02,2634.211
2014-12-03,2643.23
2014-12-04,2643.568
2014-12-05,2660.822
2014-12-08,2658.45
2014-12-09,2640.618
2014-12-10,2632.029
2014-12-11,2644.521
2014-12-12,2638.527
2014-12-15,2625.339
2014-12-16,2627.894
2014-12-17,2644.847
2014-12-18,2654.766
2014-12-19,2664.796
2014-12-22,2688.595
2014-12-23,2682.941
2014-12-24,2691.14
2014-12-25,2690.869
2014-12-26,2695.031
2014-12-29,2721.229
2014-12-30,2712.254
2014-12-31,2721.787
2015-01-01,2721.682
2015-01-02,2752.257
2015-01-05,2759.493
2015-01-06,2761.916
2015-01-07,2775.652
2015-01-08,2788.106
2015-01-09,2780.923
2015-01-12,2800.223
2015-01-13,2809.627
2015-01-14,2805.29
2015-01-15,2781.929
2015-01-16,2775.459
2015-01-19,2778.495
2015-01-20,2797.617
2015-01-21,2785.549
2015-01-22,2819.109
2015-01-23,2860.339
2015-01-26,2859.753
2015-01-27,2839.371
2015-01-28,2853.606
2015-01-29,2870.181
2015-01-30,2861.008
2015-02-02,2852.541
2015-02-03,2814.729
2015-02-04,2829.407
2015-02-05,2815.224
2015-02-06,2798.375
2015-02-09,2771.444
2015-02-10,2788.049
2015-02-11,2800.578
2015-02-12,2799.207
2015-02-13,2793.569
2015-02-16,2789.468
2015-02-17,2776.971
2015-02-18,2792.828
2015-02-19,2802.096
2015-02-20,2809.427
2015-02-23,2833.768
2015-02-24,2844.642
2015-02-25,2841.089
2015-02-26,2866.853
2015-02-27,2855.143
2015-03-02,2864.669
2015-03-03,2839.2
2015-03-04,2836.255
2015-03-05,2856.892
2015-03-06,2862.163
2015-03-09,2864.25
2015-03-10,2878.093
2015-03-11,2906.797
2015-03-12,2919.715
2015-03-13,2940.319
2015-03-16,2949.953
2015-03-17,2950.567
2015-03-18,2956.211
2015-03-19,2971.025
2015-03-20,2949.701
2015-03-23,2921.089
2015-03-24,2928.926
2015-03-25,2902.822
2015-03-26,2873.193
2015-03-27,2893.761
2015-03-30,2931.303
2015-03-31,2929.293
2015-04-01,2916.419
2015-04-02,2913.213
2015-04-03,2915.417
2015-04-06,2901.981
2015-04-07,2919.979
2015-04-08,2946.408
2015-04-09,2970.855
2015-04-10,2979.338
2015-04-13,2989.703
2015-04-14,2981.971
2015-04-15,2976.372
2015-04-16,2950.448
2015-04-17,2922.388
2015-04-20,2929.298
2015-04-21,2940.995
2015-04-22,2931.179
2015-04-23,2921.742
2015-04-24,2934.005
2015-04-27,2939.237
2015-04-28,2913.855
2015-04-29,2851.116
2015-04-30,2814.683
2015-05-01,2815.337
2015-05-04,2816.899
2015-05-05,2778.117
2015-05-06,2743.972
2015-05-07,2746.158
2015-05-08,2769.389
2015-05-11,2764.497
2015-05-12,2750.343
2015-05-13,2743.093
2015-05-14,2742.05
2015-05-15,2750.179
2015-05-18,2747.327
2015-05-19,2763.707
2015-05-20,2773.34
2015-05-21,2778.24
2015-05-22,2783.349
2015-05-25,2782.672
2015-05-26,2786.792
2015-05-27,2803.593
2015-05-28,2801.164
2015-05-29,2789.703
2015-06-01,2783.11
2015-06-02,2750.305
2015-06-03,2753.061
2015-06-04,2740.404
2015-06-05,2743.617
2015-06-08,2715.948
2015-06-09,2694.952
2015-06-10,2692.762
2015-06-11,2719.17
2015-06-12,2715.923
2015-06-15,2707.422
2015-06-16,2706.544
2015-06-17,2705.167
2015-06-18,2704.2
2015-06-19,2708.592
2015-06-22,2719.237
2015-06-23,2723.474
2015-06-24,2714.397
2015-06-25,2699.8
2015-06-26,2700.54
2015-06-29,2660.561
2015-06-30,2654.02
2015-07-01,2665.955
2015-07-02,2665.781
2015-07-03,2668.205
2015-07-06,2678.656
2015-07-07,2706.152
2015-07-08,2672.662
2015-07-09,2664.195
2015-07-10,2655.626
2015-07-13,2664.029
2015-07-14,2670.697
2015-07-15,2696.922
2015-07-16,2709.371
2015-07-17,2723.372
2015-07-20,2734.613
2015-07-21,2724.401
2015-07-22,2736.635
2015-07-23,2740.906
2015-07-24,2748.399
2015-07-27,2735.051
2015-07-28,2729.367
2015-07-29,2727.511
2015-07-30,2746.484
2015-07-31,2760.348
2015-08-03,2789.581
2015-08-04,2776.574
2015-08-05,2787.057
2015-08-06,2781.208
2015-08-07,2778.13
2015-08-10,2748.5
2015-08-11,2783.664
2015-08-12,2751.182
2015-08-13,2756.43
2015-08-14,2752.261
2015-08-17,2770.161
2015-08-18,2775.757
2015-08-19,2784.616
2015-08-20,2773.435
2015-08-21,2785.322
2015-08-24,2812.179
2015-08-25,2782.445
2015-08-26,2803.917
2015-08-27,2751.585
2015-08-28,2723.347
2015-08-31,2701.483
2015-09-01,2733.603
2015-09-02,2733.39
2015-09-03,2726.589
2015-09-04,2761.34
2015-09-07,2765.898
2015-09-08,2730.07
2015-09-09,2735.556
2015-09-10,2727.713
2015-09-11,2740.073
2015-09-14,2737.358
2015-09-15,2720.886
2015-09-16,2685.22
2015-09-17,2691.955
2015-09-18,2722.869
2015-09-21,2719.963
2015-09-22,2757.832
2015-09-23,2765.341
2015-09-24,2760.94
2015-09-25,2740.464
2015-09-28,2769.699
2015-09-29,2774.21
2015-09-30,2763.31
2015-10-01,2769.228
2015-10-02,2770.345
2015-10-05,2732.857
2015-10-06,2703.141
2015-10-07,2683.741
2015-10-08,2674.037
2015-10-09,2647.318
2015-10-12,2657.939
2015-10-13,2670.503
2015-10-14,2686.622
2015-10-15,2679.487
2015-10-16,2681.343
2015-10-19,2691.03
2015-10-20,2672.656
2015-10-21,2692.325
2015-10-22,2713.901
2015-10-23,2713.666
2015-10-26,2726.336
2015-10-27,2744.648
2015-10-28,2733.29
2015-10-29,2703.826
2015-10-30,2691.359
2015-11-02,2692.308
2015-11-03,2676.185
2015-11-04,2679.95
2015-11-05,2683.735
2015-11-06,2680.994
2015-11-09,2684.05
2015-11-10,2705.752
2015-11-11,2706.433
2015-11-12,2705.967
2015-11-13,2716.347
2015-11-16,2734.638
2015-11-17,2748.184
2015-11-18,2759.86
2015-11-19,2749.857
2015-11-20,2763.627
2015-11-23,2760.803
2015-11-24,2743.872
2015-11-25,2757.099
2015-11-26,2757.136
2015-11-27,2788.82
2015-11-30,2783.213
2015-12-01,2785.544
2015-12-02,2803.039
2015-12-03,2700.423
2015-12-04,2694.479
2015-12-07,2751.566
2015-12-08,2745.637
2015-12-09,2723.998
2015-12-10,2732.525
2015-12-11,2746.79
2015-12-14,2746.469
2015-12-15,2739.031
2015-12-16,2742.994
2015-12-17,2776.627
2015-12-18,2755.885
2015-12-21,2748.933
2015-12-22,2746.419
2015-12-23,2726.602
2015-12-24,2718.999
2015-12-25,2718.617
2015-12-28,2731.1
2015-12-29,2710.3
2015-12-30,2729.676
2015-12-31,2722.786
2016-01-01,2722.332
2016-01-04,2730.742
2016-01-05,2737.396
2016-01-06,2760.028
2016-01-07,2754.343
2016-01-08,2767.827
2016-01-11,2801.46
2016-01-12,2817.019
2016-01-13,2819.918
2016-01-14,2826.693
2016-01-15,2882.585
2016-01-18,2882.74
2016-01-19,2871.154
2016-01-20,2917.378
2016-01-21,2888.928
2016-01-22,2832.614
2016-01-25,2851.447
2016-01-26,2836.329
2016-01-27,2824.965
2016-01-28,2820.531
2016-01-29,2825.1
2016-02-01,2823.312
2016-02-02,2866.35
2016-02-03,2849.105
2016-02-04,2834.662
2016-02-05,2851.182
2016-02-08,2892.024
2016-02-09,2913.353
2016-02-10,2917.149
2016-02-11,2966.947
2016-02-12,2909.535
2016-02-15,2894.468
2016-02-16,2886.53
2016-02-17,2853.016
2016-02-18,2867.946
2016-02-19,2882.517
2016-02-22,2870.287
2016-02-23,2885.957
2016-02-24,2905.144
2016-02-25,2906.512
2016-02-26,2880.266
2016-02-29,2893.178
2016-03-01,2865.144
2016-03-02,2840.727
2016-03-03,2835.443
2016-03-04,2810.65
2016-03-07,2797.873
2016-03-08,2820.018
2016-03-09,2796.771
2016-03-10,2761.672
2016-03-11,2758.824
2016-03-14,2757.468
2016-03-15,2747.191
2016-03-16,2759.324
2016-03-17,2785.341
2016-03-18,2787.928
2016-03-21,2783.797
2016-03-22,2785.556
2016-03-23,2781.881
2016-03-24,2774.083
2016-03-25,2773.595
2016-03-28,2772.692
2016-03-29,2798.098
2016-03-30,2800.283
2016-03-31,2808.833
2016-04-01,2817.641
2016-04-04,2813.107
2016-04-05,2824.642
2016-04-06,2824.022
2016-04-07,2824.367
2016-04-08,2811.783
2016-04-11,2815.351
2016-04-12,2791.826
2016-04-13,2780.92
2016-04-14,2770.557
2016-04-15,2787.213
2016-04-18,2780.327
2016-04-19,2774.898
2016-04-20,2762.279
2016-04-21,2726.097
2016-04-22,2701.238
2016-04-25,2694.388
2016-04-26,2694.031
2016-04-27,2695.167
2016-04-28,2716.225
2016-04-29,2705.887
2016-05-02,2716.454
2016-05-03,2700.196
2016-05-04,2677.161
2016-05-05,2678.713
2016-05-06,2688.621
2016-05-09,2672.906
2016-05-10,2689.182
2016-05-11,2695.927
2016-05-12,2679.964
2016-05-13,2683.153
2016-05-16,2680.741
2016-05-17,2675.417
2016-05-18,2643.025
2016-05-19,2631.751
2016-05-20,2637.755
2016-05-23,2635.853
2016-05-24,2633.948
2016-05-25,2639.227
2016-05-26,2647.611
2016-05-27,2648.252
2016-05-30,2642.175
2016-05-31,2632.979
2016-06-01,2639.993
2016-06-02,2665.248
2016-06-03,2675.496
2016-06-06,2677.09
2016-06-07,2693.678
2016-06-08,2706.893
2016-06-09,2717.651
2016-06-10,2713.899
2016-06-13,2701.074
2016-06-14,2709.926
2016-06-15,2708.466
2016-06-16,2725.985
2016-06-17,2706.826
2016-06-20,2670.871
2016-06-21,2647.924
2016-06-22,2639.981
2016-06-23,2625.572
2016-06-24,2701.71
2016-06-27,2722.827
2016-06-28,2744.587
2016-06-29,2764.419
2016-06-30,2774.237
2016-07-01,2800.577
2016-07-04,2802.452
2016-07-05,2820.226
2016-07-06,2824.788
2016-07-07,2822.252
2016-07-08,2846.915
2016-07-11,2831.559
2016-07-12,2804.106
2016-07-13,2817.563
2016-07-14,2795.698
2016-07-15,2770.884
2016-07-18,2774.34
2016-07-19,2775.559
2016-07-20,2767.291
2016-07-21,2766.998
2016-07-22,2769.884
2016-07-25,2765.424
2016-07-26,2778.328
2016-07-27,2798.575
2016-07-28,2808.107
2016-07-29,2821.91
2016-08-01,2825.895
2016-08-02,2794.531
2016-08-03,2775.658
2016-08-04,2807.852
2016-08-05,2811.2
2016-08-08,2807.528
2016-08-09,2830.962
2016-08-10,2843.683
2016-08-11,2827.899
2016-08-12,2816.64
2016-08-15,2816.545
2016-08-16,2788.342
2016-08-17,2770.312
2016-08-18,2785.934
2016-08-19,2757.279
2016-08-22,2758.017
2016-08-23,2774.901
2016-08-24,2748.136
2016-08-25,2743.329
2016-08-26,2738.454
2016-08-29,2747.777
2016-08-30,2742.478
2016-08-31,2726.175
2016-09-01,2714.19
2016-09-02,2730.734
2016-09-05,2741.233
2016-09-06,2777.947
2016-09-07,2784.931
2016-09-08,2738.036
2016-09-09,2656.852
2016-09-12,2638.301
2016-09-13,2610.381
2016-09-14,2610.016
2016-09-15,2623.139
2016-09-16,2633.593
2016-09-19,2653.843
2016-09-20,2666.926
2016-09-21,2679.491
2016-09-22,2699.241
2016-09-23,2690.311
2016-09-26,2682.765
2016-09-27,2705.738
2016-09-28,2700.841
2016-09-29,2680.919
2016-09-30,2674.833
2016-10-03,2674.407
2016-10-04,2657.803
2016-10-05,2635.026
2016-10-06,2635.868
2016-10-07,2633.49
2016-10-10,2639.677
2016-10-11,2618.305
2016-10-12,2614.43
2016-10-13,2596.224
2016-10-14,2604.533
2016-10-17,2597.349
2016-10-18,2618.299
2016-10-19,2630.697
2016-10-20,2628.087
2016-10-21,2630.02
2016-10-24,2642.334
2016-10-25,2637.56
2016-10-26,2603.911
2016-10-27,2590.261
2016-10-28,2576.729
2016-10-31,2571.266
2016-11-01,2546.836
2016-11-02,2526.755
2016-11-03,2525.827
2016-11-04,2515.13
2016-11-07,2549.12
2016-11-08,2551.387
2016-11-09,2539.624
2016-11-10,2529.919
2016-11-11,2508.8
2016-11-14,2524.659
2016-11-15,2520.731
2016-11-16,2510.235
2016-11-17,2518.469
2016-11-18,2519.613
2016-11-21,2511.845
2016-11-22,2525.632
2016-11-23,2543.563
2016-11-24,2548.33
2016-11-25,2562.142
2016-11-28,2552.402
2016-11-29,2538.432
2016-11-30,2539.08
2016-12-01,2529.742
2016-12-02,2511.986
2016-12-05,2511.805
2016-12-06,2522.438
2016-12-07,2525.149
2016-12-08,2551.482
2016-12-09,2577.973
2016-12-12,2564.25
2016-12-13,2570.986
2016-12-14,2572.461
2016-12-15,2607.084
2016-12-16,2595.27
2016-12-19,2586.139
2016-12-20,2595.988
2016-12-21,2589.547
2016-12-22,2588.485
2016-12-23,2587.242
2016-12-26,2586.852
2016-12-27,2598.918
2016-12-28,2599.955
2016-12-29,2574.475
2016-12-30,2555.674
2017-01-02,2560.568
2017-01-03,2569.542
2017-01-04,2581.281
2017-01-05,2548.501
2017-01-06,2558.843
2017-01-09,2548.733
2017-01-10,2552.248
2017-01-11,2567.905
2017-01-12,2558.29
2017-01-13,2566.097
2017-01-16,2561.452
2017-01-17,2530.435
2017-01-18,2540.372
2017-01-19,2545.479
2017-01-20,2545.088
2017-01-23,2527.735
2017-01-24,2554.202
2017-01-25,2562.128
2017-01-26,2566.449
2017-01-27,2563.71
2017-01-30,2534.455
2017-01-31,2525.9
2017-02-01,2540.012
2017-02-02,2538.958
2017-02-03,2551.142
2017-02-06,2542.156
2017-02-07,2531.674
2017-02-08,2538.354
2017-02-09,2548.337
2017-02-10,2585.5
2017-02-13,2593.743
2017-02-14,2606.511
2017-02-15,2632.417
2017-02-16,2607.986
2017-02-17,2600.088
2017-02-20,2610.917
2017-02-21,2629.378
2017-02-22,2629.265
2017-02-23,2621.238
2017-02-24,2606.957
2017-02-27,2606.35
2017-02-28,2597.957
2017-03-01,2630.987
2017-03-02,2601.641
2017-03-03,2585.11
2017-03-06,2580.692
2017-03-07,2584.62
2017-03-08,2571.462
2017-03-09,2557.317
2017-03-10,2556.666
2017-03-13,2568.245
2017-03-14,2565.141
2017-03-15,2561.902
2017-03-16,2566.762
2017-03-17,2567.924
2017-03-20,2566.468
2017-03-21,2529.075
2017-03-22,2519.089
2017-03-23,2524.154
2017-03-24,2533.534
2017-03-27,2510.143
2017-03-28,2530.903
2017-03-29,2544.567
2017-03-30,2548.274
2017-03-31,2533.892
2017-04-03,2530.545
2017-04-04,2526.991
2017-04-05,2522.326
2017-04-06,2523.001
2017-04-07,2528.825
2017-04-10,2514.781
2017-04-11,2508.871
2017-04-12,2505.726
2017-04-13,2509.081
2017-04-14,2507.98
2017-04-17,2515.34
2017-04-18,2483.594
2017-04-19,2474.69
2017-04-20,2494.304
2017-04-21,2496.588
2017-04-24,2500.769
2017-04-25,2491.839
2017-04-26,2499.153
2017-04-27,2507.726
2017-04-28,2507.783
2017-05-01,2499.479
2017-05-02,2520.554
2017-05-03,2511.306
2017-05-04,2523.753
2017-05-05,2514.215
2017-05-08,2509.826
2017-05-09,2514.591
2017-05-10,2505.751
2017-05-11,2504.711
2017-05-12,2514.223
2017-05-15,2515.15
2017-05-16,2504.571
2017-05-17,2454.687
2017-05-18,2443.437
2017-05-19,2442.318
2017-05-22,2442.042
2017-05-23,2451.708
2017-05-24,2456.134
2017-05-25,2485.217
2017-05-26,2482.669
2017-05-29,2483.381
2017-05-30,2487.419
2017-05-31,2499.831
2017-06-01,2521.078
2017-06-02,2544.556
2017-06-05,2538.496
2017-06-06,2532.774
2017-06-07,2530.375
2017-06-08,2528.041
2017-06-09,2524.808
2017-06-12,2511.958
2017-06-13,2508.819
2017-06-14,2537.483
2017-06-15,2489.774
2017-06-16,2497.79
2017-06-19,2518.627
2017-06-20,2524.314
2017-06-21,2534.774
2017-06-22,2549.123
2017-06-23,2544.898
2017-06-26,2559.989
2017-06-27,2505.823
2017-06-28,2494.653
2017-06-29,2447.213
2017-06-30,2407.331
2017-07-03,2397.107
2017-07-04,2392.053
2017-07-05,2400.098
2017-07-06,2376.646
2017-07-07,2390.18
2017-07-10,2396.251
2017-07-11,2397.961
2017-07-12,2416.303
2017-07-13,2424.188
2017-07-14,2425.017
2017-07-17,2428.854
2017-07-18,2422.625
2017-07-19,2423.801
2017-07-20,2433.42
2017-07-21,2423.668
2017-07-24,2421.638
2017-07-25,2433.785
2017-07-26,2450.217
2017-07-27,2438.987
2017-07-28,2431.249
2017-07-31,2438.106
2017-08-01,2444.483
2017-08-02,2447.757
2017-08-03,2444.198
2017-08-04,2443.598
2017-08-07,2449.687
2017-08-08,2448.693
2017-08-09,2423.05
2017-08-10,2393.581
2017-08-11,2386.562
2017-08-14,2401.655
2017-08-15,2400.437
2017-08-16,2438.699
2017-08-17,2410.369
2017-08-18,2411.023
2017-08-21,2422.329
2017-08-22,2434.863
2017-08-23,2444.216
2017-08-24,2448.707
2017-08-25,2467.876
2017-08-28,2477.614
2017-08-29,2491.591
2017-08-30,2486.076
2017-08-31,2501.607
2017-09-01,2513.246
2017-09-04,2508.878
2017-09-05,2510.411
2017-09-06,2507.554
2017-09-07,2547.716
2017-09-08,2536.018
2017-09-11,2535.238
2017-09-12,2514.516
2017-09-13,2480.389
2017-09-14,2470.66
2017-09-15,2465.101
2017-09-18,2461.246
2017-09-19,2476.033
2017-09-20,2472.608
2017-09-21,2458.721
2017-09-22,2455.581
2017-09-25,2451.622
2017-09-26,2432.166
2017-09-27,2414.259
2017-09-28,2422.035
2017-09-29,2425.277
2017-10-02,2426.31
2017-10-03,2442.949
2017-10-04,2450.436
2017-10-05,2458.787
2017-10-06,2443.152
2017-10-09,2446.472
2017-10-10,2466.408
2017-10-11,2479.769
2017-10-12,2482.775
2017-10-13,2496.735
2017-10-16,2520.86
2017-10-17,2511.691
2017-10-18,2517.616
2017-10-19,2507.89
2017-10-20,2511.105
2017-10-23,2502.449
2017-10-24,2504.152
2017-10-25,2502.095
2017-10-26,2516.415
2017-10-27,2534.063
2017-10-30,2535.746
2017-10-31,2559.87
2017-11-01,2583.057
2017-11-02,2579.432
2017-11-03,2588.002
2017-11-06,2606.365
2017-11-07,2595.903
2017-11-08,2594.61
2017-11-09,2569.322
2017-11-10,2545.208
2017-11-13,2543.057
2017-11-14,2525.005
2017-11-15,2509.361
2017-11-16,2528.575
2017-11-17,2541.645
2017-11-20,2548.528
2017-11-21,2584.299
2017-11-22,2582.042
2017-11-23,2582.36
2017-11-24,2602.434
2017-11-27,2586.058
2017-11-28,2591.916
2017-11-29,2563.563
2017-11-30,2574.94
2017-12-01,2581.538
2017-12-04,2574.896
2017-12-05,2562.723
2017-12-06,2536.273
2017-12-07,2573.545
2017-12-08,2593.773
2017-12-11,2615.162
2017-12-12,2606.559
2017-12-13,2586.057
2017-12-14,2581.073
2017-12-15,2601.262
2017-12-18,2615.531
2017-12-19,2601.584
2017-12-20,2595.603
2017-12-21,2608.992
2017-12-22,2612.449
2017-12-25,2612.883
2017-12-26,2622.017
2017-12-27,2622.902
2017-12-28,2618.764
2017-12-29,2611.982
2018-01-01,2612.133
2018-01-02,2609.743
2018-01-03,2640.361
2018-01-04,2683.616
2018-01-05,2696.617
2018-01-08,2698.744
2018-01-09,2695.973
2018-01-10,2688.195
2018-01-11,2699.261
2018-01-12,2740.252
2018-01-15,2751.349
2018-01-16,2744.436
2018-01-17,2750.213
2018-01-18,2754.457
2018-01-19,2769.571
2018-01-22,2793.205
2018-01-23,2805.229
2018-01-24,2833.809
2018-01-25,2817.463
2018-01-26,2835.039
2018-01-29,2796.023
2018-01-30,2746.105
2018-01-31,2764.781
2018-02-01,2795.586
2018-02-02,2720.736
2018-02-05,2608.154
2018-02-06,2561.415
2018-02-07,2524.888
2018-02-08,2498.139
2018-02-09,2459.997
2018-02-12,2480.751
2018-02-13,2489.758
2018-02-14,2543.416
2018-02-15,2562.076
2018-02-16,2563.694
2018-02-19,2563.205
2018-02-20,2549.089
2018-02-21,2554.364
2018-02-22,2551.227
2018-02-23,2553.046
2018-02-26,2560.825
2018-02-27,2552.732
2018-02-28,2517.15
2018-03-01,2483.598
2018-03-02,2495.683
2018-03-05,2506.701
2018-03-06,2519.192
2018-03-07,2510.55
2018-03-08,2498.035
2018-03-09,2520.257
2018-03-12,2517.267
2018-03-13,2518.679
2018-03-14,2508.721
2018-03-15,2508.467
2018-03-16,2516.134
2018-03-19,2502.743
2018-03-20,2517.61
2018-03-21,2540.744
2018-03-22,2515.245
2018-03-23,2516.983
2018-03-26,2536.631
2018-03-27,2518.316
2018-03-28,2499.692
2018-03-29,2510.186
2018-03-30,2510.719
2018-04-02,2496.812
2018-04-03,2501.428
2018-04-04,2501.755
2018-04-05,2492.875
2018-04-06,2476.722
2018-04-09,2485.572
2018-04-10,2506.014
2018-04-11,2522.642
2018-04-12,2527.058
2018-04-13,2534.369
2018-04-16,2532.96
2018-04-17,2536.288
2018-04-18,2557.352
2018-04-19,2546.403
2018-04-20,2531.163
2018-04-23,2519.471
2018-04-24,2513.291
2018-04-25,2511.076
2018-04-26,2525.591
2018-04-27,2521.513
2018-04-30,2520.962
2018-05-01,2515.615
2018-05-02,2509.829
2018-05-03,2504.645
2018-05-04,2517.624
2018-05-07,2534.243
2018-05-08,2517.898
2018-05-09,2551.426
2018-05-10,2549.391
2018-05-11,2549.959
2018-05-14,2558.995
2018-05-15,2573.659
2018-05-16,2577.859
2018-05-17,2585.408
2018-05-18,2571.621
2018-05-21,2575.02
2018-05-22,2574.663
2018-05-23,2549.915
2018-05-24,2528.653
2018-05-25,2501.683
2018-05-28,2501.152
2018-05-29,2447.485
2018-05-30,2460.551
2018-05-31,2451.1
2018-06-01,2463.084
2018-06-04,2461.054
2018-06-05,2464.663
2018-06-06,2454.28
2018-06-07,2451.25
2018-06-08,2448.857
2018-06-11,2448.369
2018-06-12,2452.512
2018-06-13,2463.15
2018-06-14,2492.882
2018-06-15,2472.186
2018-06-18,2474.01
2018-06-19,2459.267
2018-06-20,2470.151
2018-06-21,2449.849
2018-06-22,2459.636
2018-06-25,2430.36
2018-06-26,2447.659
2018-06-27,2470.827
2018-06-28,2482.063
2018-06-29,2477.117
2018-07-02,2499.795
2018-07-03,2477.552
2018-07-04,2475.206
2018-07-05,2479.616
2018-07-06,2464.503
2018-07-09,2484.968
2018-07-10,2498.408
2018-07-11,2495.665
2018-07-12,2512.59
2018-07-13,2526.933
2018-07-16,2490.386
2018-07-17,2511.424
2018-07-18,2522.842
2018-07-19,2532.619
2018-07-20,2485.699
2018-07-23,2485.184
2018-07-24,2482.025
2018-07-25,2471.363
2018-07-26,2495.983
2018-07-27,2482.07
2018-07-30,2454.214
2018-07-31,2456.981
2018-08-01,2452.704
2018-08-02,2471.388
2018-08-03,2465.779
2018-08-06,2485.317
2018-08-07,2491.796
2018-08-08,2474.409
2018-08-09,2489.335
2018-08-10,2509.999
2018-08-13,2514.349
2018-08-14,2532.586
2018-08-15,2531.538
2018-08-16,2533.555
2018-08-17,2535.057
2018-08-20,2527.515
2018-08-21,2503.904
2018-08-22,2508.708
2018-08-23,2539.932
2018-08-24,2519.469
2018-08-27,2514.87
2018-08-28,2522.123
2018-08-29,2535.272
2018-08-30,2551.371
2018-08-31,2553.446
2018-09-03,2556.164
2018-09-04,2568.58
2018-09-05,2528.276
2018-09-06,2511.59
2018-09-07,2522.742
2018-09-10,2520.203
2018-09-11,2549.02
2018-09-12,2523.848
2018-09-13,2506.433
2018-09-14,2534.409
2018-09-17,2521.403
2018-09-18,2532.649
2018-09-19,2518.661
2018-09-20,2488.747
2018-09-21,2487.377
2018-09-24,2498.151
2018-09-25,2506.621
2018-09-26,2494.735
2018-09-27,2523.134
2018-09-28,2528.781
2018-10-01,2554.638
2018-10-02,2530.232
2018-10-03,2575.252
2018-10-04,2550.154
2018-10-05,2539.254
2018-10-08,2533.4
2018-10-09,2518.684
2018-10-10,2482.661
2018-10-11,2389.565
2018-10-12,2383.231
2018-10-15,2374.348
2018-10-16,2380.747
2018-10-17,2395.619
2018-10-18,2399.762
2018-10-19,2402.366
2018-10-22,2403.454
2018-10-23,2387.603
2018-10-24,2399.569
2018-10-25,2407.956
2018-10-26,2395.14
2018-10-29,2400.541
2018-10-30,2413.975
2018-10-31,2420.191
2018-11-01,2345.686
2018-11-02,2340.796
2018-11-05,2347.962
2018-11-06,2351.364
2018-11-07,2336.729
2018-11-08,2353.056
2018-11-09,2371.836
2018-11-12,2392.604
2018-11-13,2385.592
2018-11-14,2384.022
2018-11-15,2367.616
2018-11-16,2340.4
2018-11-19,2342.271
2018-11-20,2368.264
2018-11-21,2354.477
2018-11-22,2354.635
2018-11-23,2376.99
2018-11-26,2371.934
2018-11-27,2385.233
2018-11-28,2364.31
2018-11-29,2367.207
2018-11-30,2377.667
2018-12-03,2336.915
2018-12-04,2340.117
2018-12-05,2351.81
2018-12-06,2371.513
2018-12-07,2344.676
2018-12-10,2380.011
2018-12-11,2380.069
2018-12-12,2353.37
2018-12-13,2349.695
2018-12-14,2368.853
2018-12-17,2360.903
2018-12-18,2385.824
2018-12-19,2383.16
2018-12-20,2392.389
2018-12-21,2406.978
2018-12-24,2407.372
2018-12-25,2408.359
2018-12-26,2408.852
2018-12-27,2419.47
2018-12-28,2404.563
2018-12-31,2400.14
2019-01-01,2400.196
2019-01-02,2431.039
2019-01-03,2427.253
2019-01-04,2375.494
2019-01-07,2347.707
2019-01-08,2334.626
2019-01-09,2306.447
2019-01-10,2318.71
2019-01-11,2324.375
2019-01-14,2342.362
2019-01-15,2344.279
2019-01-16,2334.47
2019-01-17,2325.494
2019-01-18,2303.435
2019-01-21,2303.796
2019-01-22,2321.926
2019-01-23,2319.013
2019-01-24,2337.364
2019-01-25,2311.117
2019-01-28,2320.436
2019-01-29,2320.938
2019-01-30,2312.156
2019-01-31,2323.07
2019-02-01,2312.485
2019-02-04,2304.012
2019-02-05,2313.82
2019-02-06,2320.692
2019-02-07,2347.401
2019-02-08,2363.893
2019-02-11,2364.055
2019-02-12,2347.738
2019-02-13,2344.171
2019-02-14,2360.426
2019-02-15,2354.85
2019-02-18,2352.865
2019-02-19,2361.181
2019-02-20,2365.882
2019-02-21,2350.137
2019-02-22,2365.015
2019-02-25,2372.067
2019-02-26,2373.05
2019-02-27,2350.417
2019-02-28,2341.599
2019-03-01,2340.375
2019-03-04,2352.849
2019-03-05,2352.644
2019-03-06,2376.937
2019-03-07,2417.151
2019-03-08,2396.492
2019-03-11,2413.845
2019-03-12,2400.871
2019-03-13,2397.485
2019-03-14,2402.177
2019-03-15,2404.459
2019-03-18,2413.997
2019-03-19,2410.977
2019-03-20,2405.623
2019-03-21,2432.62
2019-03-22,2433.922
2019-03-25,2435.97
2019-03-26,2443.46
2019-03-27,2462.721
2019-03-28,2463.386
2019-03-29,2469.437
2019-04-01,2468.806
2019-04-02,2486.657
2019-04-03,2464.556
2019-04-04,2464.066
2019-04-05,2476.081
2019-04-08,2475.56
2019-04-09,2470.053
2019-04-10,2491.611
2019-04-11,2492.943
2019-04-12,2477.454
2019-04-15,2469.944
2019-04-16,2484.245
2019-04-17,2489.975
2019-04-18,2515.555
2019-04-19,2515.542
2019-04-22,2516.081
2019-04-23,2543.627
2019-04-24,2582.988
2019-04-25,2564.043
2019-04-26,2564.915
2019-04-29,2567.463
2019-04-30,2573.326
2019-05-01,2568.729
2019-05-02,2542.96
2019-05-03,2561.337
2019-05-06,2554.624
2019-05-07,2531.122
2019-05-08,2528.645
2019-05-09,2511.216
2019-05-10,2520.778
2019-05-13,2501.221
2019-05-14,2493.876
2019-05-15,2522.198
2019-05-16,2544.226
2019-05-17,2558.448
2019-05-20,2529.637
2019-05-21,2531.771
2019-05-22,2544.804
2019-05-23,2535.073
2019-05-24,2520.83
2019-05-27,2525.006
2019-05-28,2527.972
2019-05-29,2525.248
2019-05-30,2510.877
2019-05-31,2509.652
2019-06-03,2498.775
2019-06-04,2491.642
2019-06-05,2526.67
2019-06-06,2520.42
2019-06-07,2537.507
2019-06-10,2533.832
2019-06-11,2533.79
2019-06-12,2545.375
2019-06-13,2565.549
2019-06-14,2586.547
2019-06-17,2580.983
2019-06-18,2620.994
2019-06-19,2616.966
2019-06-20,2626.486
2019-06-21,2603.557
2019-06-24,2596.872
2019-06-25,2591.68
2019-06-26,2566.759
2019-06-27,2574.799
2019-06-28,2578.548
2019-07-01,2615.437
2019-07-02,2653.551
2019-07-03,2680.924
2019-07-04,2683.387
2019-07-05,2646.991
2019-07-08,2649.758
2019-07-09,2638.257
2019-07-10,2619.234
2019-07-11,2598.582
2019-07-12,2586.41
2019-07-15,2604.873
2019-07-16,2614.827
2019-07-17,2629.538
2019-07-18,2635.941
2019-07-19,2633.434
2019-07-22,2649.715
2019-07-23,2665.207
2019-07-24,2682.714
2019-07-25,2670.13
2019-07-26,2687.101
2019-07-29,2707.132
2019-07-30,2699.317
2019-07-31,2702.954
2019-08-01,2728.905
2019-08-02,2731.635
2019-08-05,2723.859
2019-08-06,2732.176
2019-08-07,2785.56
2019-08-08,2768.323
2019-08-09,2753.093
2019-08-12,2781.594
2019-08-13,2771.69
2019-08-14,2795.357
2019-08-15,2815.749
2019-08-16,2809.201
2019-08-19,2804.41
2019-08-20,2811.595
2019-08-21,2805.761
2019-08-22,2793.271
2019-08-23,2811.565
2019-08-26,2818.359
2019-08-27,2844.951
2019-08-28,2859.161
2019-08-29,2858.441
2019-08-30,2879.128
2019-09-02,2886.442
2019-09-03,2908.855
2019-09-04,2858.162
2019-09-05,2798.3
2019-09-06,2796.148
2019-09-09,2758.847
2019-09-10,2719.14
2019-09-11,2726.294
2019-09-12,2704
2019-09-13,2653.768
2019-09-16,2655.335
2019-09-17,2665.931
2019-09-18,2688.144
2019-09-19,2699.637
2019-09-20,2712.583
2019-09-23,2727.565
2019-09-24,2725.038
2019-09-25,2721.263
2019-09-26,2737.021
2019-09-27,2734.249
2019-09-30,2727.543
2019-10-01,2714.192
2019-10-02,2688.429
2019-10-03,2690.409
2019-10-04,2707.136
2019-10-07,2711.144
2019-10-08,2711.084
2019-10-09,2703.81
2019-10-10,2672.035
2019-10-11,2623.697
2019-10-14,2633.806
2019-10-15,2632.343
2019-10-16,2636.158
2019-10-17,2615.757
2019-10-18,2589.091
2019-10-21,2592.282
2019-10-22,2601.26
2019-10-23,2607.593
2019-10-24,2627.946
2019-10-25,2630.156
2019-10-28,2620.464
2019-10-29,2609.357
2019-10-30,2609.242
2019-10-31,2614.433
2019-11-01,2613.473
2019-11-04,2620.042
2019-11-05,2605.901
2019-11-06,2611.509
2019-11-07,2602.744
2019-11-08,2597.672
2019-11-11,2587.836
2019-11-12,2599.776
2019-11-13,2593.773
2019-11-14,2602.893
2019-11-15,2610.725
2019-11-18,2616.301
2019-11-19,2617.194
2019-11-20,2612.087
2019-11-21,2603.994
2019-11-22,2608.011
2019-11-25,2635.943
2019-11-26,2650.512
2019-11-27,2659.073
2019-11-28,2657.216
2019-11-29,2636.138
2019-12-02,2577.458
2019-12-03,2567.099
2019-12-04,2574.041
2019-12-05,2572.087
2019-12-06,2594.884
2019-12-09,2593.868
2019-12-10,2588.943
2019-12-11,2596.189
2019-12-12,2596.001
2019-12-13,2620.871
2019-12-16,2629.016
2019-12-17,2625.936
2019-12-18,2615.448
2019-12-19,2607.44
2019-12-20,2610.032
2019-12-23,2615.109
2019-12-24,2625.324
2019-12-25,2625.277
2019-12-26,2631.604
2019-12-27,2645.839
2019-12-30,2623.799
2019-12-31,2621.565
2020-01-01,2621.04
2020-01-02,2649.602
2020-01-03,2647.665
2020-01-06,2646.251
2020-01-07,2651.223
2020-01-08,2642.66
2020-01-09,2656.549
2020-01-10,2660.271
2020-01-13,2661.813
2020-01-14,2672.421
2020-01-15,2680.746
2020-01-16,2697.61
2020-01-17,2721.468
2020-01-20,2722.979
2020-01-21,2707.371
2020-01-22,2713.052
2020-01-23,2692.89
2020-01-24,2703.686
2020-01-27,2652.024
2020-01-28,2654.788
2020-01-29,2674.448
2020-01-30,2674.133
2020-01-31,2644.87
2020-02-03,2659.863
2020-02-04,2675.547
2020-02-05,2682.019
2020-02-06,2696.294
2020-02-07,2707.381
2020-02-10,2745.158
2020-02-11,2740.755
2020-02-12,2737.311
2020-02-13,2733.919
2020-02-14,2737.14
2020-02-17,2739.293
2020-02-18,2749.105
2020-02-19,2774.531
2020-02-20,2797.501
2020-02-21,2788.598
2020-02-24,2767.287
2020-02-25,2721.304
2020-02-26,2712.389
2020-02-27,2664.103
2020-02-28,2633.798
2020-03-02,2623.814
2020-03-03,2621.453
2020-03-04,2655.797
2020-03-05,2666.681
2020-03-06,2696.416
2020-03-09,2715.784
2020-03-10,2673.552
2020-03-11,2672.898
2020-03-12,2652.698
2020-03-13,2628.22
2020-03-16,2649.976
2020-03-17,2662.402
2020-03-18,2683.726
2020-03-19,2664.511
2020-03-20,2687.428
2020-03-23,2706.871
2020-03-24,2678.304
2020-03-25,2660.206
2020-03-26,2661.417
2020-03-27,2669.205
2020-03-30,2693.296
2020-03-31,2681.723
2020-04-01,2716.894
2020-04-02,2708.7
2020-04-03,2713.469
2020-04-06,2692.075
2020-04-07,2655.27
2020-04-08,2660.093
2020-04-09,2660.151
2020-04-10,2659.405
2020-04-13,2661.096
2020-04-14,2668.521
2020-04-15,2702.266
2020-04-16,2703.371
2020-04-17,2682.42
2020-04-20,2693.438
2020-04-21,2739.296
2020-04-22,2727.894
2020-04-23,2712.408
2020-04-24,2730.457
2020-04-27,2723.391
2020-04-28,2716.347
2020-04-29,2699.68
2020-04-30,2686.108
2020-05-01,2700.372
2020-05-04,2708.178
2020-05-05,2689.002
2020-05-06,2699.418
2020-05-07,2700.348
2020-05-08,2687.119
2020-05-11,2688.052
2020-05-12,2694.557
2020-05-13,2720.52
2020-05-14,2722.141
2020-05-15,2722.187
2020-05-18,2673.849
2020-05-19,2662.716
2020-05-20,2656.558
2020-05-21,2662.691
2020-05-22,2678.592
2020-05-25,2676.226
2020-05-26,2635.662
2020-05-27,2649.512
2020-05-28,2642.065
2020-05-29,2645.137
2020-06-01,2637.963
2020-06-02,2615.159
2020-06-03,2586.929
2020-06-04,2570.936
2020-06-05,2540.778
2020-06-08,2545.631
2020-06-09,2558.445
2020-06-10,2565.19
2020-06-11,2573.345
2020-06-12,2576.9
2020-06-15,2577.956
2020-06-16,2587.074
2020-06-17,2585.933
2020-06-18,2587.167
2020-06-19,2587.532
2020-06-22,2592.707
2020-06-23,2602.381
2020-06-24,2605.235
2020-06-25,2620.778
2020-06-26,2629.269
2020-06-29,2602.479
2020-06-30,2599.424
2020-07-01,2579.468
2020-07-02,2590.78
2020-07-03,2593.822
2020-07-06,2600.134
2020-07-07,2599.82
2020-07-08,2605.964
2020-07-09,2607.93
2020-07-10,2609.649
2020-07-13,2618.785
2020-07-14,2629.103
2020-07-15,2622.993
2020-07-16,2617.585
2020-07-17,2622.418
2020-07-20,2642.812
2020-07-21,2660.256
2020-07-22,2663.727
2020-07-23,2658.108
2020-07-24,2641.271
2020-07-27,2671.46
2020-07-28,2671.114
2020-07-29,2673.622
2020-07-30,2685.171
2020-07-31,2679.051
2020-08-03,2664.892
2020-08-04,2685.316
2020-08-05,2691.976
2020-08-06,2709.728
2020-08-07,2675.625
2020-08-10,2681.177
2020-08-11,2639.52
2020-08-12,2643.441
2020-08-13,2630.386
2020-08-14,2623.214
2020-08-17,2643.158
2020-08-18,2662.57
2020-08-19,2648.441
2020-08-20,2639.749
2020-08-21,2627.406
2020-08-24,2633.046
2020-08-25,2617.859
2020-08-26,2625.181
2020-08-27,2609.319
2020-08-28,2633.406
2020-08-31,2639.258
2020-09-01,2646.719
2020-09-02,2651.458
2020-09-03,2628.889
2020-09-04,2609.784
2020-09-07,2608.644
2020-09-08,2600.912
2020-09-09,2608.342
2020-09-10,2603.028
2020-09-11,2616.32
2020-09-14,2638.35
2020-09-15,2639.925
2020-09-16,2633.225
2020-09-17,2630.431
2020-09-18,2632.079
2020-09-21,2590.057
2020-09-22,2588.058
2020-09-23,2541.89
2020-09-24,2529.26
2020-09-25,2537.95
2020-09-28,2552.202
2020-09-29,2573.689
2020-09-30,2568.344
2020-10-01,2568.827
2020-10-02,2572.958
2020-10-05,2562.922
2020-10-06,2555.062
2020-10-07,2569.575
2020-10-08,2574.853
2020-10-09,2603.238
2020-10-12,2604.202
2020-10-13,2599.007
2020-10-14,2607.143
2020-10-15,2613.535
2020-10-16,2618.766
2020-10-19,2620.062
2020-10-20,2622.482
2020-10-21,2631.279
2020-10-22,2610.615
2020-10-23,2613.796
2020-10-26,2609.501
2020-10-27,2616.651
2020-10-28,2595.418
2020-10-29,2591.574
2020-10-30,2583.337
2020-11-02,2589.6
2020-11-03,2592.955
2020-11-04,2605.593
2020-11-05,2636.359
2020-11-06,2643.787
2020-11-09,2571.085
2020-11-10,2560.79
2020-11-11,2547.51
2020-11-12,2553.987
2020-11-13,2573.787
2020-11-16,2600.872
2020-11-17,2603.441
2020-11-18,2605.263
2020-11-19,2602.093
2020-11-20,2619.108
2020-11-23,2608.787
2020-11-24,2619.914
2020-11-25,2613.175
2020-11-26,2620.309
2020-11-27,2642.793
2020-11-30,2613.935
2020-12-01,2627.407
2020-12-02,2629.513
2020-12-03,2651.921
2020-12-04,2664.044
2020-12-07,2670.415
2020-12-08,2667.918
2020-12-09,2672.802
2020-12-10,2690.136
2020-12-11,2685.851
2020-12-14,2683.794
2020-12-15,2701.403
2020-12-16,2704.327
2020-12-17,2740.65
2020-12-18,2737.399
2020-12-21,2722.5
2020-12-22,2696.91
2020-12-23,2717.012
2020-12-24,2727.218
2020-12-25,2727.787
2020-12-28,2738.8
2020-12-29,2759.25
2020-12-30,2786.411
2020-12-31,2786.202
2021-01-01,2785.496
2021-01-04,2807.205
2021-01-05,2841.932
2021-01-06,2841.175
2021-01-07,2835.726
2021-01-08,2830.284
2021-01-11,2797.461
2021-01-12,2828.118
2021-01-13,2829.419
2021-01-14,2855.612
2021-01-15,2814.398
2021-01-18,2811.424
2021-01-19,2824.803
2021-01-20,2841.002
2021-01-21,2843.552
2021-01-22,2807.386
2021-01-25,2816.547
2021-01-26,2824.648
2021-01-27,2787.737
2021-01-28,2783.693
2021-01-29,2765.323
2021-02-01,2780.282
2021-02-02,2783.014
2021-02-03,2798.154
2021-02-04,2794.481
2021-02-05,2823.213
2021-02-08,2850.185
2021-02-09,2869.353
2021-02-10,2869.087
2021-02-11,2878.815
2021-02-12,2890.924
2021-02-15,2901.407
2021-02-16,2909.444
2021-02-17,2902.565
2021-02-18,2906.205
2021-02-19,2926.127
2021-02-22,2941.052
2021-02-23,2945.319
2021-02-24,2970.542
2021-02-25,2942.566
2021-02-26,2865.76
2021-03-01,2886.093
2021-03-02,2895.255
2021-03-03,2888.01
2021-03-04,2874.712
2021-03-05,2888.199
2021-03-08,2885.634
2021-03-09,2887.576
2021-03-10,2890.321
2021-03-11,2925.422
2021-03-12,2936.376
2021-03-15,2937.356
2021-03-16,2932.003
2021-03-17,2935.652
2021-03-18,2912.766
2021-03-19,2908.947
2021-03-22,2898.226
2021-03-23,2861.773
2021-03-24,2861.981
2021-03-25,2845.108
2021-03-26,2885.064
2021-03-29,2884.272
2021-03-30,2881.447
2021-03-31,2896.937
2021-04-01,2901.817
2021-04-02,2904.747
2021-04-05,2907.717
2021-04-06,2905.492
2021-04-07,2893.621
2021-04-08,2893.964
2021-04-09,2892.332
2021-04-12,2882.6
2021-04-13,2885.142
2021-04-14,2908.401
2021-04-15,2914.205
2021-04-16,2923.739
2021-04-19,2925.028
2021-04-20,2904.864
2021-04-21,2921
2021-04-22,2923.06
2021-04-23,2938.698
2021-04-26,2964.255
2021-04-27,2975.694
2021-04-28,2984.342
2021-04-29,2989.661
2021-04-30,2978.855
2021-05-03,2989.776
2021-05-04,2991.125
2021-05-05,3015.03
2021-05-06,3037.07
2021-05-07,3072.249
2021-05-10,3072.874
2021-05-11,3074.365
2021-05-12,3064.528
2021-05-13,3030.814
2021-05-14,3046.717
2021-05-17,3059.5
2021-05-18,3067.602
2021-05-19,3009.391
2021-05-20,3022.032
2021-05-21,3010.129
2021-05-24,3020.9
2021-05-25,3019.7
2021-05-26,3017.761
2021-05-27,3052.224
2021-05-28,3058.079
2021-05-31,3059.372
2021-06-01,3081.793
2021-06-02,3087.933
2021-06-03,3059.374
2021-06-04,3083.505
2021-06-07,3086.002
2021-06-08,3087.332
2021-06-09,3078.18
2021-06-10,3087.952
2021-06-11,3067.472
2021-06-14,3060.865
2021-06-15,3043.292
2021-06-16,3020.019
2021-06-17,2944.402
2021-06-18,2916.651
2021-06-21,2938.044
2021-06-22,2954.146
2021-06-23,2969.14
2021-06-24,2982.334
2021-06-25,2996.132
2021-06-28,2988.971
2021-06-29,2992.278
2021-06-30,2992.189
2021-07-01,2998.805
2021-07-02,3009.103
2021-07-05,3013.745
2021-07-06,2962.48
2021-07-07,2953.307
2021-07-08,2928.556
2021-07-09,2967.221
2021-07-12,2972.803
2021-07-13,2984.382
2021-07-14,2976.33
2021-07-15,2967.364
2021-07-16,2966.372
2021-07-19,2904.761
2021-07-20,2930.14
2021-07-21,2957.786
2021-07-22,2977.846
2021-07-23,2996.333
2021-07-26,3010.318
2021-07-27,2995.681
2021-07-28,3005.532
2021-07-29,3021.786
2021-07-30,3009.765
2021-08-02,3011.259
2021-08-03,3012.531
2021-08-04,3010.392
2021-08-05,3025.376
2021-08-06,3018.505
2021-08-09,2997.708
2021-08-10,3021.225
2021-08-11,3032.817
2021-08-12,3042.441
2021-08-13,3035.49
2021-08-16,3038.618
2021-08-17,3025.584
2021-08-18,3013.194
2021-08-19,2974.062
2021-08-20,2974.001
2021-08-23,2991.877
2021-08-24,3000.695
2021-08-25,2996.117
2021-08-26,2993.795
2021-08-27,3019.151
2021-08-30,3033.575
2021-08-31,3023.091
2021-09-01,3017.936
2021-09-02,3042.947
2021-09-03,3032.993
2021-09-06,3039.485
2021-09-07,3018.372
2021-09-08,3027.104
2021-09-09,3029.991
2021-09-10,3032.698
2021-09-13,3049.095
2021-09-14,3051.793
2021-09-15,3085.979
2021-09-16,3071.728
2021-09-17,3041.831
2021-09-20,2997.531
2021-09-21,2995.621
2021-09-22,3026.281
2021-09-23,3049.965
2021-09-24,3060.604
2021-09-27,3079.276
2021-09-28,3063.298
2021-09-29,3072.127
2021-09-30,3078.923
2021-10-01,3078.634
2021-10-04,3082.596
2021-10-05,3137.259
2021-10-06,3103.423
2021-10-07,3115.299
2021-10-08,3124.227
2021-10-11,3139.064
2021-10-12,3144.891
2021-10-13,3122.999
2021-10-14,3139.466
2021-10-15,3177.597
2021-10-18,3180.893
2021-10-19,3180.549
2021-10-20,3188.453
2021-10-21,3174.807
2021-10-22,3171.398
2021-10-25,3190.279
2021-10-26,3200.615
2021-10-27,3157.399
2021-10-28,3160.296
2021-10-29,3174.863
2021-11-01,3189.726
2021-11-02,3170.649
2021-11-03,3160.498
2021-11-04,3133.457
2021-11-05,3121.108
2021-11-08,3133.554
2021-11-09,3119.659
2021-11-10,3141.084
2021-11-11,3166.659
2021-11-12,3163.667
2021-11-15,3168.713
2021-11-16,3188.948
2021-11-17,3177.738
2021-11-18,3169.096
2021-11-19,3159.056
2021-11-22,3186.47
2021-11-23,3205.892
2021-11-24,3217.991
2021-11-25,3217.375
2021-11-26,3074.815
2021-11-29,3089.131
2021-11-30,3024.667
2021-12-01,3026.012
2021-12-02,3037.701
2021-12-03,3034.011
2021-12-06,3055.209
2021-12-07,3075.457
2021-12-08,3060.22
2021-12-09,3056.542
2021-12-10,3053.67
2021-12-13,3056.352
2021-12-14,3060.904
2021-12-15,3060.41
2021-12-16,3054.205
2021-12-17,3051.52
2021-12-20,3036.513
2021-12-21,3071.125
2021-12-22,3066.807
2021-12-23,3061.814
2021-12-24,3061.049
2021-12-27,3074.496
2021-12-28,3072.017
2021-12-29,3075.181
2021-12-30,3065.058
2021-12-31,3039.386
2022-01-03,3072.86
2022-01-04,3108.734
2022-01-05,3104.903
2022-01-06,3110.359
2022-01-07,3098.686
2022-01-10,3088.156
2022-01-11,3098.099
2022-01-12,3078.556
2022-01-13,3047.418
2022-01-14,3080.394
2022-01-17,3092.319
2022-01-18,3112.067
2022-01-19,3115.537
2022-01-20,3115.823
2022-01-21,3079.596
2022-01-24,3045.871
2022-01-25,3072.662
2022-01-26,3115.238
2022-01-27,3146.825
2022-01-28,3152.881
2022-01-31,3145.722
2022-02-01,3153.11
2022-02-02,3155.212
2022-02-03,3181.402
2022-02-04,3216.778
2022-02-07,3222.031
2022-02-08,3232.654
2022-02-09,3231.993
2022-02-10,3270.528
2022-02-11,3276.643
2022-02-14,3298.567
2022-02-15,3283.219
2022-02-16,3282.04
2022-02-17,3260.885
2022-02-18,3259.227
2022-02-21,3263.188
2022-02-22,3301.05
2022-02-23,3323.699
2022-02-24,3317.84
2022-02-25,3272.116
2022-02-28,3261.557
2022-03-01,3278.584
2022-03-02,3352.683
2022-03-03,3386.209
2022-03-04,3426.489
2022-03-07,3517.418
2022-03-08,3567.918
2022-03-09,3490.818
2022-03-10,3499.886
2022-03-11,3533.258
2022-03-14,3530.181
2022-03-15,3512.818
2022-03-16,3484.726
2022-03-17,3487.122
2022-03-18,3478.535
2022-03-21,3541.623
2022-03-22,3563.077
2022-03-23,3590.661
2022-03-24,3607.849
2022-03-25,3653.051
2022-03-28,3636.322
2022-03-29,3593.005
2022-03-30,3601.237
2022-03-31,3576.865
2022-04-01,3596.69
2022-04-04,3612.767
2022-04-05,3659.125
2022-04-06,3658.199
2022-04-07,3666.008
2022-04-08,3705.151
2022-04-11,3731.152
2022-04-12,3750.222
2022-04-13,3749.553
2022-04-14,3780.517
2022-04-15,3782.972
2022-04-18,3813.422
2022-04-19,3818.409
2022-04-20,3802.431
2022-04-21,3819.655
2022-04-22,3802.161
2022-04-25,3754.352
2022-04-26,3757.808
2022-04-27,3799.356
2022-04-28,3828.032
2022-04-29,3829.339
2022-05-02,3841.355
2022-05-03,3847.096
2022-05-04,3852.894
2022-05-05,3911.591
2022-05-06,3921.237
2022-05-09,3876.367
2022-05-10,3868.672
2022-05-11,3883.261
2022-05-12,3878.321
2022-05-13,3885.63
2022-05-16,3893.499
2022-05-17,3891.249
2022-05-18,3883.207
2022-05-19,3850.721
2022-05-20,3841.693
2022-05-23,3835.91
2022-05-24,3819.655
2022-05-25,3818.767
2022-05-26,3820.692
2022-05-27,3801.927
2022-05-30,3802.136
2022-05-31,3821.633
2022-06-01,3855.91
2022-06-02,3862.211
2022-06-03,3887.421
2022-06-06,3932.536
2022-06-07,3931.109
2022-06-08,3953.517
2022-06-09,3993.448
2022-06-10,4035.088
2022-06-13,4108.429
2022-06-14,4125.405
2022-06-15,4081.672
2022-06-16,4069.698
2022-06-17,4054.448
2022-06-20,4055.845
2022-06-21,4045.805
2022-06-22,4003.023
2022-06-23,3937.848
2022-06-24,3920.305
2022-06-27,3926.519
2022-06-28,3965.094
2022-06-29,3960.134
2022-06-30,3919.781
2022-07-01,3900.445
2022-07-04,3910.051
2022-07-05,3888.98
2022-07-06,3885.351
2022-07-07,3893.691
2022-07-08,3902.825
2022-07-11,3937.311
2022-07-12,3918.582
2022-07-13,3923.989
2022-07-14,3971.148
2022-07-15,3938.283
2022-07-18,3920.626
2022-07-19,3896.673
2022-07-20,3893.005
2022-07-21,3863.743
2022-07-22,3838.683
2022-07-25,3841.133
2022-07-26,3855.91
2022-07-27,3829.651
2022-07-28,3773.402
2022-07-29,3747.016
2022-08-01,3717.239
2022-08-02,3746.976
2022-08-03,3760.164
2022-08-04,3719.356
2022-08-05,3751.409
2022-08-08,3728.338
2022-08-09,3739.716
2022-08-10,3708.831
2022-08-11,3719.899
2022-08-12,3733.719
2022-08-15,3746.63
2022-08-16,3764.368
2022-08-17,3791.51
2022-08-18,3818.363
2022-08-19,3852.667
2022-08-22,3892.151
2022-08-23,3882.957
2022-08-24,3904.229
2022-08-25,3890.811
2022-08-26,3915.469
2022-08-29,3920.128
2022-08-30,3910.912
2022-08-31,3896.473
2022-09-01,3941.924
2022-09-02,3911.014
2022-09-05,3928.278
2022-09-06,3949.024
2022-09-07,3915.121
2022-09-08,3924.123
2022-09-09,3896.146
2022-09-12,3857.185
2022-09-13,3929.017
2022-09-14,3934.728
2022-09-15,3949.1
2022-09-16,3943.144
2022-09-19,3957.558
2022-09-20,3993.24
2022-09-21,4000.809
2022-09-22,4044.551
2022-09-23,4114.322
2022-09-26,4169.5
2022-09-27,4183.138
2022-09-28,4118.964
2022-09-29,4128.019
2022-09-30,4120.975
2022-10-03,4062.068
2022-10-04,3987.355
2022-10-05,4025.86
2022-10-06,4067.988
2022-10-07,4120.887
2022-10-10,4160.685
2022-10-11,4163.884
2022-10-12,4168.045
2022-10-13,4163.108
2022-10-14,4189.244
2022-10-17,4148.985
2022-10-18,4134.369
2022-10-19,4183.794
2022-10-20,4197.075
2022-10-21,4172.431
2022-10-24,4178.225
2022-10-25,4126.072
2022-10-26,4073.976
2022-10-27,4065.559
2022-10-28,4098.472
2022-10-31,4128.772
2022-11-01,4112.58
2022-11-02,4114.031
2022-11-03,4169.096
2022-11-04,4107.215
2022-11-07,4104.507
2022-11-08,4067.695
2022-11-09,4065.515
2022-11-10,3952.733
2022-11-11,3909.287
2022-11-14,3912.825
2022-11-15,3898.098
2022-11-16,3892.387
2022-11-17,3904.216
2022-11-18,3911.623
2022-11-21,3922.533
2022-11-22,3918.613
2022-11-23,3897.976
2022-11-24,3893.829
2022-11-25,3900.67
2022-11-28,3905.171
2022-11-29,3896.312
2022-11-30,3879.698
2022-12-01,3839.473
2022-12-02,3828.618
2022-12-05,3831.386
2022-12-06,3818.801
2022-12-07,3807.771
2022-12-08,3812.441
2022-12-09,3824.051
2022-12-12,3824.055
2022-12-13,3810.052
2022-12-14,3812.691
2022-12-15,3807.582
2022-12-16,3808.693
2022-12-19,3812.312
2022-12-20,3814.885
2022-12-21,3821.005
2022-12-22,3830.043
2022-12-23,3847.301
2022-12-26,3848.383
2022-12-27,3861.428
2022-12-28,3866.429
2022-12-29,3865.597
2022-12-30,3870.657
2023-01-02,3867.559
2023-01-03,3854.702
2023-01-04,3834.053
2023-01-05,3841.184
2023-01-06,3825.011
2023-01-09,3810.774
2023-01-10,3830.285
2023-01-11,3820.202
2023-01-12,3813.477
2023-01-13,3827.074
2023-01-16,3828.528
2023-01-17,3812.696
2023-01-18,3779.496
2023-01-19,3769.102
2023-01-20,3789.82
2023-01-23,3799.728
2023-01-24,3800.56
2023-01-25,3803.854
2023-01-26,3817.996
2023-01-27,3814.801
2023-01-30,3825.596
2023-01-31,3817.457
2023-02-01,3817.126
2023-02-02,3811.931
2023-02-03,3805.323
2023-02-06,3783.233
2023-02-07,3786.121
2023-02-08,3794.277
2023-02-09,3799.752
2023-02-10,3789.382
2023-02-13,3809.739
2023-02-14,3833.068
2023-02-15,3844.228
2023-02-16,3855.656
2023-02-17,3855.876
2023-02-20,3860.084
2023-02-21,3881.583
2023-02-22,3866.882
2023-02-23,3861.76
2023-02-24,3870.88
2023-02-27,3885.666
2023-02-28,3888.33
2023-03-01,3922.613
2023-03-02,3943.034
2023-03-03,3938.039
2023-03-06,3975.591
2023-03-07,3986.406
2023-03-08,3995.401
2023-03-09,3972.653
2023-03-10,3822.997
2023-03-13,3607.756
2023-03-14,3662.971
2023-03-15,3564.318
2023-03-16,3589.925
2023-03-17,3551.186
2023-03-20,3564.192
2023-03-21,3592.51
2023-03-22,3595.076
2023-03-23,3568.369
2023-03-24,3551.473
2023-03-27,3558.545
2023-03-28,3565.083
2023-03-29,3575.429
2023-03-30,3596.417
2023-03-31,3587.883
2023-04-03,3565.028
2023-04-04,3578.407
2023-04-05,3573.114
2023-04-06,3601.707
2023-04-07,3601.86
2023-04-10,3603.864
2023-04-11,3634.878
2023-04-12,3647.347
2023-04-13,3657.905
2023-04-14,3653.09
2023-04-17,3641.983
2023-04-18,3641.438
2023-04-19,3652.998
2023-04-20,3654.006
2023-04-21,3663.834
2023-04-24,3678.857
2023-04-25,3654.462
2023-04-26,3666.761
2023-04-27,3692.525
2023-04-28,3691.109
2023-05-01,3696.49
2023-05-02,3682.013
2023-05-03,3679.823
2023-05-04,3655.282
2023-05-05,3660.969
2023-05-08,3650.46
