Date,USGG10YR,USGG3M
2010-01-04,3.8155,0.0548
2010-01-05,3.7608,0.0608
2010-01-06,3.8215,0.0487
2010-01-07,3.8235,0.0436
2010-01-08,3.8297,0.0395
2010-01-11,3.818,0.0203
2010-01-12,3.7108,0.0385
2010-01-13,3.7908,0.0487
2010-01-14,3.7382,0.0507
2010-01-15,3.6744,0.0517
2010-01-18,3.6745,0.0537
2010-01-19,3.6919,0.0436
2010-01-20,3.6474,0.0456
2010-01-21,3.5858,0.0385
2010-01-22,3.6071,0.0436
2010-01-25,3.6265,0.0436
2010-01-26,3.6188,0.0608
2010-01-27,3.6479,0.069
2010-01-28,3.6344,0.069
2010-01-29,3.5844,0.069
2010-02-01,3.6501,0.0842
2010-02-02,3.6405,0.0872
2010-02-03,3.7047,0.0872
2010-02-04,3.6058,0.0842
2010-02-05,3.5654,0.0852
2010-02-08,3.5597,0.0892
2010-02-09,3.6448,0.0963
2010-02-10,3.6897,0.0994
2010-02-11,3.7155,0.0933
2010-02-12,3.6928,0.0872
2010-02-15,3.6909,0.0872
2010-02-16,3.6569,0.0862
2010-02-17,3.7307,0.0872
2010-02-18,3.8012,0.1065
2010-02-19,3.7726,0.0943
2010-02-22,3.7955,0.0842
2010-02-23,3.6834,0.1045
2010-02-24,3.6909,0.1095
2010-02-25,3.6324,0.1146
2010-02-26,3.6117,0.1146
2010-03-01,3.6079,0.1227
2010-03-02,3.6041,0.1197
2010-03-03,3.6173,0.1349
2010-03-04,3.6022,0.1349
2010-03-05,3.6796,0.143
2010-03-08,3.7157,0.145
2010-03-09,3.7005,0.145
2010-03-10,3.7215,0.145
2010-03-11,3.7272,0.145
2010-03-12,3.7006,0.142
2010-03-15,3.6949,0.145
2010-03-16,3.6493,0.1552
2010-03-17,3.6361,0.1471
2010-03-18,3.6759,0.145
2010-03-19,3.6892,0.144
2010-03-22,3.6588,0.1369
2010-03-23,3.6854,0.1247
2010-03-24,3.8524,0.1329
2010-03-25,3.8777,0.1298
2010-03-26,3.8468,0.1349
2010-03-29,3.8643,0.1258
2010-03-30,3.8566,0.145
2010-03-31,3.8257,0.1501
2010-04-01,3.8685,0.1521
2010-04-02,3.9446,0.1572
2010-04-05,3.9859,0.1603
2010-04-06,3.9505,0.1633
2010-04-07,3.8531,0.1603
2010-04-08,3.8901,0.1552
2010-04-09,3.8825,0.1471
2010-04-12,3.8417,0.1349
2010-04-13,3.8204,0.145
2010-04-14,3.8593,0.1501
2010-04-15,3.8321,0.1501
2010-04-16,3.7626,0.1511
2010-04-19,3.7974,0.1461
2010-04-20,3.7993,0.141
2010-04-21,3.7356,0.145
2010-04-22,3.7723,0.1501
2010-04-23,3.8092,0.1501
2010-04-26,3.8054,0.1501
2010-04-27,3.6877,0.14
2010-04-28,3.7628,0.1521
2010-04-29,3.7243,0.1521
2010-04-30,3.6532,0.1542
2010-05-03,3.682,0.1603
2010-05-04,3.5902,0.1562
2010-05-05,3.5388,0.1461
2010-05-06,3.3938,0.1045
2010-05-07,3.4255,0.1197
2010-05-10,3.5406,0.145
2010-05-11,3.5235,0.1471
2010-05-12,3.571,0.1501
2010-05-13,3.5261,0.1552
2010-05-14,3.4534,0.145
2010-05-17,3.4869,0.1511
2010-05-18,3.3462,0.1603
2010-05-19,3.3682,0.1623
2010-05-20,3.2126,0.1552
2010-05-21,3.2379,0.1521
2010-05-24,3.1942,0.145
2010-05-25,3.1578,0.1532
2010-05-26,3.1886,0.1603
2010-05-27,3.3605,0.1603
2010-05-28,3.2922,0.1552
2010-05-31,3.2848,0.1521
2010-06-01,3.2591,0.146
2010-06-02,3.34,0.14
2010-06-03,3.3639,0.1349
2010-06-04,3.2023,0.1207
2010-06-07,3.1422,0.1065
2010-06-08,3.1857,0.1065
2010-06-09,3.1729,0.0903
2010-06-10,3.3193,0.0801
2010-06-11,3.2346,0.069
2010-06-14,3.2529,0.0507
2010-06-15,3.3025,0.071
2010-06-16,3.2601,0.0892
2010-06-17,3.1887,0.0872
2010-06-18,3.2195,0.0943
2010-06-21,3.2414,0.1075
2010-06-22,3.1664,0.1126
2010-06-23,3.119,0.1197
2010-06-24,3.1371,0.1207
2010-06-25,3.1078,0.1268
2010-06-28,3.021,0.1349
2010-06-29,2.9491,0.1369
2010-06-30,2.9311,0.1704
2010-07-01,2.947,0.1653
2010-07-02,2.977,0.1603
2010-07-05,2.9733,0.1603
2010-07-06,2.9302,0.1603
2010-07-07,2.9803,0.1471
2010-07-08,3.0306,0.145
2010-07-09,3.052,0.145
2010-07-12,3.0628,0.1369
2010-07-13,3.1208,0.142
2010-07-14,3.0426,0.145
2010-07-15,2.9937,0.1471
2010-07-16,2.9215,0.145
2010-07-19,2.9537,0.1471
2010-07-20,2.9481,0.145
2010-07-21,2.8782,0.1501
2010-07-22,2.9353,0.145
2010-07-23,2.9943,0.145
2010-07-26,2.9924,0.1521
2010-07-27,3.0485,0.142
2010-07-28,2.985,0.1461
2010-07-29,2.9794,0.145
2010-07-30,2.9052,0.14
2010-08-02,2.9609,0.14
2010-08-03,2.9085,0.1359
2010-08-04,2.9498,0.145
2010-08-05,2.9011,0.14
2010-08-06,2.8166,0.1369
2010-08-09,2.8289,0.1369
2010-08-10,2.7593,0.14
2010-08-11,2.6814,0.145
2010-08-12,2.7455,0.1471
2010-08-13,2.6716,0.1471
2010-08-16,2.5626,0.1501
2010-08-17,2.6321,0.1481
2010-08-18,2.6321,0.1501
2010-08-19,2.575,0.145
2010-08-20,2.6106,0.145
2010-08-23,2.5981,0.1501
2010-08-24,2.488,0.145
2010-08-25,2.534,0.1501
2010-08-26,2.4755,0.145
2010-08-27,2.6447,0.1379
2010-08-30,2.5285,0.1298
2010-08-31,2.4683,0.1268
2010-09-01,2.573,0.1298
2010-09-02,2.6231,0.1278
2010-09-03,2.697,0.1247
2010-09-06,2.7025,0.1247
2010-09-07,2.5944,0.1247
2010-09-08,2.6555,0.1247
2010-09-09,2.7588,0.1349
2010-09-10,2.7917,0.1318
2010-09-13,2.748,0.1369
2010-09-14,2.679,0.1349
2010-09-15,2.7207,0.1461
2010-09-16,2.7608,0.1501
2010-09-17,2.7372,0.1471
2010-09-20,2.7026,0.1501
2010-09-21,2.5727,0.1501
2010-09-22,2.5583,0.1521
2010-09-23,2.5511,0.1501
2010-09-24,2.605,0.14
2010-09-27,2.5242,0.1298
2010-09-28,2.4653,0.142
2010-09-29,2.5027,0.1552
2010-09-30,2.5098,0.1532
2010-10-01,2.5097,0.1501
2010-10-04,2.4758,0.1471
2010-10-05,2.4722,0.1075
2010-10-06,2.3976,0.1146
2010-10-07,2.3834,0.1146
2010-10-08,2.392,0.1146
2010-10-11,2.3919,0.1146
2010-10-12,2.4309,0.1146
2010-10-13,2.422,0.1217
2010-10-14,2.5076,0.1349
2010-10-15,2.5597,0.1349
2010-10-18,2.5075,0.1349
2010-10-19,2.4752,0.1298
2010-10-20,2.4788,0.1318
2010-10-21,2.5452,0.1217
2010-10-22,2.5541,0.1197
2010-10-25,2.5613,0.1146
2010-10-26,2.6393,0.1217
2010-10-27,2.7198,0.1298
2010-10-28,2.6576,0.1227
2010-10-29,2.5993,0.1105
2010-11-01,2.6229,0.1014
2010-11-02,2.5866,0.1126
2010-11-03,2.5702,0.1176
2010-11-04,2.489,0.1146
2010-11-05,2.5304,0.1146
2010-11-08,2.5502,0.1105
2010-11-09,2.6558,0.1146
2010-11-10,2.6286,0.1268
2010-11-11,2.6447,0.1247
2010-11-12,2.7871,0.1247
2010-11-15,2.9593,0.1268
2010-11-16,2.84,0.1278
2010-11-17,2.8766,0.1318
2010-11-18,2.895,0.1329
2010-11-19,2.8713,0.1298
2010-11-22,2.8019,0.1247
2010-11-23,2.7729,0.1308
2010-11-24,2.912,0.1521
2010-11-25,2.9085,0.1501
2010-11-26,2.8663,0.1521
2010-11-29,2.8205,0.1552
2010-11-30,2.7968,0.1552
2010-12-01,2.9642,0.1562
2010-12-02,2.9885,0.145
2010-12-03,3.0055,0.1318
2010-12-06,2.9201,0.1247
2010-12-07,3.1257,0.1318
2010-12-08,3.2723,0.1349
2010-12-09,3.2037,0.1349
2010-12-10,3.319,0.1166
2010-12-13,3.275,0.1197
2010-12-14,3.4727,0.1318
2010-12-15,3.5318,0.1349
2010-12-16,3.4224,0.1247
2010-12-17,3.3279,0.1014
2010-12-20,3.3358,0.1014
2010-12-21,3.3031,0.1268
2010-12-22,3.3458,0.1298
2010-12-23,3.3892,0.1318
2010-12-24,3.3933,0.1318
2010-12-27,3.3294,0.1258
2010-12-28,3.4795,0.1379
2010-12-29,3.3489,0.1197
2010-12-30,3.3646,0.1075
2010-12-31,3.2935,0.1197
2011-01-03,3.3324,0.1197
2011-01-04,3.3287,0.1298
2011-01-05,3.4654,0.1349
2011-01-06,3.3932,0.14
2011-01-07,3.3237,0.1349
2011-01-10,3.2832,0.1349
2011-01-11,3.3396,0.145
2011-01-12,3.365,0.142
2011-01-13,3.2972,0.14
2011-01-14,3.3231,0.145
2011-01-17,3.3291,0.145
2011-01-18,3.3663,0.145
2011-01-19,3.339,0.1501
2011-01-20,3.4488,0.1552
2011-01-21,3.4042,0.1501
2011-01-24,3.4044,0.1501
2011-01-25,3.3284,0.145
2011-01-26,3.4146,0.1552
2011-01-27,3.3873,0.14
2011-01-28,3.3214,0.14
2011-01-31,3.3704,0.145
2011-02-01,3.4394,0.1501
2011-02-02,3.4771,0.1501
2011-02-03,3.5488,0.142
2011-02-04,3.6356,0.145
2011-02-07,3.6299,0.142
2011-02-08,3.7373,0.14
2011-02-09,3.6465,0.1308
2011-02-10,3.6928,0.1095
2011-02-11,3.6288,0.1116
2011-02-14,3.6194,0.1095
2011-02-15,3.6044,0.1197
2011-02-16,3.6193,0.1065
2011-02-17,3.5725,0.0892
2011-02-18,3.5799,0.0892
2011-02-21,3.5874,0.0892
2011-02-22,3.4533,0.1014
2011-02-23,3.4848,0.1166
2011-02-24,3.4477,0.1166
2011-02-25,3.4125,0.1247
2011-02-28,3.4272,0.1349
2011-03-01,3.3921,0.1349
2011-03-02,3.4697,0.1217
2011-03-03,3.5554,0.1207
2011-03-04,3.49,0.1105
2011-03-07,3.5123,0.1004
2011-03-08,3.5477,0.1045
2011-03-09,3.4675,0.0913
2011-03-10,3.3584,0.0669
2011-03-11,3.4025,0.069
2011-03-14,3.3563,0.074
2011-03-15,3.303,0.0892
2011-03-16,3.17,0.0842
2011-03-17,3.255,0.074
2011-03-18,3.2678,0.0639
2011-03-21,3.3282,0.069
2011-03-22,3.3263,0.0862
2011-03-23,3.3501,0.0842
2011-03-24,3.4037,0.074
2011-03-25,3.4388,0.0801
2011-03-28,3.4313,0.0791
2011-03-29,3.4872,0.0963
2011-03-30,3.4349,0.0913
2011-03-31,3.4703,0.0913
2011-04-01,3.4422,0.0558
2011-04-04,3.4179,0.0355
2011-04-05,3.4795,0.0659
2011-04-06,3.5452,0.0558
2011-04-07,3.5451,0.0355
2011-04-08,3.5772,0.0355
2011-04-11,3.5847,0.0355
2011-04-12,3.4904,0.0456
2011-04-13,3.4585,0.0507
2011-04-14,3.4979,0.0659
2011-04-15,3.4079,0.0608
2011-04-18,3.3743,0.0507
2011-04-19,3.3631,0.0507
2011-04-20,3.4077,0.0558
2011-04-21,3.3963,0.0507
2011-04-22,3.3907,0.0507
2011-04-25,3.3627,0.0456
2011-04-26,3.307,0.0558
2011-04-27,3.3552,0.0507
2011-04-28,3.3106,0.0355
2011-04-29,3.2863,0.0355
2011-05-02,3.2788,0.0304
2011-05-03,3.2473,0.0203
2011-05-04,3.2159,0.0152
2011-05-05,3.1499,0.0101
2011-05-06,3.1459,0.0051
2011-05-09,3.1604,0.0051
2011-05-10,3.2135,0.0253
2011-05-11,3.1593,0.0152
2011-05-12,3.2225,0.0152
2011-05-13,3.1709,0.0203
2011-05-16,3.147,0.0203
2011-05-17,3.1158,0.0355
2011-05-18,3.1801,0.0355
2011-05-19,3.1709,0.0406
2011-05-20,3.1451,0.0406
2011-05-23,3.1286,0.0456
2011-05-24,3.1139,0.0507
2011-05-25,3.1304,0.0456
2011-05-26,3.0572,0.0456
2011-05-27,3.0735,0.0406
2011-05-30,3.0735,0.0406
2011-05-31,3.0607,0.0456
2011-06-01,2.9408,0.0407
2011-06-02,3.0297,0.0356
2011-06-03,2.9859,0.0305
2011-06-06,2.995,0.0203
2011-06-07,2.9949,0.0356
2011-06-08,2.9387,0.0305
2011-06-09,2.9967,0.0356
2011-06-10,2.9693,0.0407
2011-06-13,2.9838,0.0356
2011-06-14,3.0972,0.0458
2011-06-15,2.9692,0.0458
2011-06-16,2.9274,0.0305
2011-06-17,2.9445,0.0254
2011-06-20,2.958,0.0203
2011-06-21,2.9835,0.0203
2011-06-22,2.9825,0.0101
2011-06-23,2.9116,0.0051
2011-06-24,2.8636,0.0051
2011-06-27,2.9305,0.0101
2011-06-28,3.0308,0.0203
2011-06-29,3.1118,0.0203
2011-06-30,3.16,0.0102
2011-07-01,3.1823,0.0153
2011-07-04,3.1823,0.0153
2011-07-05,3.121,-0.0051
2011-07-06,3.108,0.0051
2011-07-07,3.1377,0.0203
2011-07-08,3.0268,0.0203
2011-07-11,2.9189,0.0102
2011-07-12,2.877,0.0203
2011-07-13,2.8824,-0.0051
2011-07-14,2.9534,0.0051
2011-07-15,2.9058,0.0051
2011-07-18,2.9276,0.0051
2011-07-19,2.8802,0.0152
2011-07-20,2.9275,0.0152
2011-07-21,3.0136,0.0355
2011-07-22,2.9621,0.0304
2011-07-25,3.0006,0.0304
2011-07-26,2.9529,0.0661
2011-07-27,2.9803,0.0763
2011-07-28,2.9454,0.0712
2011-07-29,2.7961,0.0915
2011-08-01,2.7437,0.0712
2011-08-02,2.6114,0.0559
2011-08-03,2.6202,0.0102
2011-08-04,2.4028,0.0051
2011-08-05,2.5585,0.0051
2011-08-08,2.3179,0.0203
2011-08-09,2.2488,0.0254
2011-08-10,2.1061,0.0102
2011-08-11,2.3399,0.0102
2011-08-12,2.2548,0.0102
2011-08-15,2.3053,0
2011-08-16,2.2196,0.0051
2011-08-17,2.1652,0.0051
2011-08-18,2.0624,0
2011-08-19,2.0623,0
2011-08-22,2.1058,-0.0051
2011-08-23,2.153,0.0051
2011-08-24,2.2994,-0.0102
2011-08-25,2.2286,-0.0051
2011-08-26,2.1899,-0.0051
2011-08-29,2.2561,0
2011-08-30,2.1767,0.0051
2011-08-31,2.2234,0.0102
2011-09-01,2.1302,0.0102
2011-09-02,1.9857,0.0153
2011-09-05,1.9857,0.0153
2011-09-06,1.984,0.0153
2011-09-07,2.0429,0.0153
2011-09-08,1.9787,0.0102
2011-09-09,1.9183,0.0051
2011-09-12,1.9475,0.0051
2011-09-13,1.9906,0
2011-09-14,1.9837,0
2011-09-15,2.082,0
2011-09-16,2.0479,0
2011-09-19,1.9506,0
2011-09-20,1.9385,0.0051
2011-09-21,1.8576,0.0051
2011-09-22,1.718,0
2011-09-23,1.8334,-0.0051
2011-09-26,1.9002,0
2011-09-27,1.9711,0.0102
2011-09-28,1.9797,0.0051
2011-09-29,1.9962,0.0102
2011-09-30,1.9154,0.0203
2011-10-03,1.756,-0.0051
2011-10-04,1.8207,0
2011-10-05,1.8877,0
2011-10-06,1.9872,0
2011-10-07,2.0764,0.0051
2011-10-10,2.0764,0.0051
2011-10-11,2.1496,0
2011-10-12,2.2101,0.0152
2011-10-13,2.1834,0.0152
2011-10-14,2.2477,0.0101
2011-10-17,2.155,0.0203
2011-10-18,2.1763,0.0153
2011-10-19,2.1603,0.0203
2011-10-20,2.1888,0.0153
2011-10-21,2.2192,0.0153
2011-10-24,2.2336,0.0051
2011-10-25,2.1089,0.0051
2011-10-26,2.2041,0.0102
2011-10-27,2.3964,0.0102
2011-10-28,2.3167,0
2011-10-31,2.1133,-0.0152
2011-11-01,1.9889,-0.0102
2011-11-02,1.9854,0
2011-11-03,2.0734,0
2011-11-04,2.0327,-0.0051
2011-11-07,2.0371,0
2011-11-08,2.0769,0.0051
2011-11-09,1.9615,0.0051
2011-11-10,2.0564,0
2011-11-11,2.0564,0
2011-11-14,2.0556,0.0051
2011-11-15,2.0451,0.0051
2011-11-16,2,0.0051
2011-11-17,1.9602,0
2011-11-18,2.0104,0
2011-11-21,1.955,0.0051
2011-11-22,1.917,0.0153
2011-11-23,1.8835,0.0153
2011-11-24,1.8835,0.0153
2011-11-25,1.9635,0.0153
2011-11-28,1.9739,0.0102
2011-11-29,1.9913,0.0102
2011-11-30,2.068,0
2011-12-01,2.0873,-0.0051
2011-12-02,2.0331,-0.0051
2011-12-05,2.0436,-0.0051
2011-12-06,2.0891,0
2011-12-07,2.0296,0
2011-12-08,1.9704,0
2011-12-09,2.0611,0
2011-12-12,2.0121,0
2011-12-13,1.9651,0.0051
2011-12-14,1.9027,-0.0051
2011-12-15,1.9079,-0.0051
2011-12-16,1.8474,-0.0051
2011-12-19,1.8096,-0.0051
2011-12-20,1.9233,0.0051
2011-12-21,1.9668,0
2011-12-22,1.9476,0
2011-12-23,2.0244,-0.0051
2011-12-26,2.0244,-0.0051
2011-12-27,2.0052,0.0051
2011-12-28,1.9162,0
2011-12-29,1.8988,0
2011-12-30,1.8762,0.0102
2012-01-02,1.8762,0.0102
2012-01-03,1.9474,0.0051
2012-01-04,1.9771,0.0102
2012-01-05,1.9946,0.0102
2012-01-06,1.9578,0.0051
2012-01-09,1.9578,0.0051
2012-01-10,1.9683,0.0102
2012-01-11,1.9037,0.0153
2012-01-12,1.9228,0.0254
2012-01-13,1.8636,0.0203
2012-01-16,1.8636,0.0203
2012-01-17,1.8566,0.0203
2012-01-18,1.8983,0.0203
2012-01-19,1.977,0.0407
2012-01-20,2.0246,0.0407
2012-01-23,2.0511,0.0356
2012-01-24,2.06,0.0356
2012-01-25,1.9946,0.0356
2012-01-26,1.9313,0.0458
2012-01-27,1.891,0.0508
2012-01-30,1.8439,0.0458
2012-01-31,1.7971,0.0508
2012-02-01,1.8265,0.0559
2012-02-02,1.8212,0.0763
2012-02-03,1.9224,0.0712
2012-02-06,1.9066,0.0661
2012-02-07,1.9734,0.0813
2012-02-08,1.9822,0.0763
2012-02-09,2.0364,0.0864
2012-02-10,1.9862,0.0813
2012-02-13,1.9741,0.0966
2012-02-14,1.9361,0.1068
2012-02-15,1.9275,0.1068
2012-02-16,1.9827,0.0966
2012-02-17,2.0017,0.0763
2012-02-20,2.0017,0.0763
2012-02-21,2.0591,0.061
2012-02-22,2.0034,0.0813
2012-02-23,1.9965,0.0864
2012-02-24,1.9757,0.0915
2012-02-27,1.9255,0.1017
2012-02-28,1.9428,0.0915
2012-02-29,1.9705,0.0763
2012-03-01,2.0261,0.0712
2012-03-02,1.9739,0.061
2012-03-05,2.0104,0.061
2012-03-06,1.9427,0.0712
2012-03-07,1.9756,0.0763
2012-03-08,2.0121,0.0763
2012-03-09,2.0279,0.0813
2012-03-12,2.0331,0.0763
2012-03-13,2.1263,0.0813
2012-03-14,2.2686,0.0813
2012-03-15,2.2794,0.0813
2012-03-16,2.294,0.0813
2012-03-19,2.3772,0.0763
2012-03-20,2.3591,0.0915
2012-03-21,2.296,0.0864
2012-03-22,2.2781,0.0712
2012-03-23,2.2317,0.0712
2012-03-26,2.2479,0.0712
2012-03-27,2.1836,0.0813
2012-03-28,2.1997,0.0763
2012-03-29,2.1587,0.061
2012-03-30,2.2088,0.0661
2012-04-02,2.182,0.061
2012-04-03,2.2988,0.0712
2012-04-04,2.2233,0.0712
2012-04-05,2.1805,0.0661
2012-04-06,2.0545,0.0712
2012-04-09,2.0474,0.0763
2012-04-10,1.9823,0.0813
2012-04-11,2.0351,0.0813
2012-04-12,2.051,0.0813
2012-04-13,1.9823,0.0813
2012-04-16,1.9805,0.0763
2012-04-17,1.9981,0.0763
2012-04-18,1.9753,0.0661
2012-04-19,1.9665,0.0661
2012-04-20,1.9629,0.0661
2012-04-23,1.9349,0.0712
2012-04-24,1.9735,0.0813
2012-04-25,1.984,0.0864
2012-04-26,1.9383,0.0864
2012-04-27,1.9348,0.0864
2012-04-30,1.9137,0.0915
2012-05-01,1.9435,0.0864
2012-05-02,1.9277,0.0763
2012-05-03,1.9312,0.0763
2012-05-04,1.8786,0.0712
2012-05-07,1.8716,0.0763
2012-05-08,1.8402,0.0915
2012-05-09,1.8227,0.0864
2012-05-10,1.867,0.0915
2012-05-11,1.8376,0.0915
2012-05-14,1.7637,0.0864
2012-05-15,1.7671,0.0915
2012-05-16,1.7603,0.0915
2012-05-17,1.6971,0.0915
2012-05-18,1.7226,0.0763
2012-05-21,1.7414,0.0661
2012-05-22,1.7688,0.0814
2012-05-23,1.7346,0.0813
2012-05-24,1.7774,0.0915
2012-05-25,1.738,0.0813
2012-05-28,1.738,0.0813
2012-05-29,1.7448,0.0763
2012-05-30,1.622,0.0659
2012-05-31,1.5578,0.0659
2012-06-01,1.452,0.0659
2012-06-04,1.5239,0.0659
2012-06-05,1.5744,0.0761
2012-06-06,1.6592,0.0811
2012-06-07,1.6388,0.0761
2012-06-08,1.6353,0.0761
2012-06-11,1.586,0.0761
2012-06-12,1.6642,0.0862
2012-06-13,1.5927,0.0913
2012-06-14,1.642,0.0963
2012-06-15,1.5773,0.0862
2012-06-18,1.5738,0.0761
2012-06-19,1.6197,0.0864
2012-06-20,1.6572,0.0813
2012-06-21,1.6162,0.0763
2012-06-22,1.6742,0.0763
2012-06-25,1.6024,0.0763
2012-06-26,1.6262,0.0862
2012-06-27,1.6177,0.0862
2012-06-28,1.5768,0.0811
2012-06-29,1.6449,0.0811
2012-07-02,1.5885,0.071
2012-07-03,1.6294,0.0811
2012-07-04,1.6294,0.0811
2012-07-05,1.5969,0.071
2012-07-06,1.5491,0.071
2012-07-09,1.5117,0.071
2012-07-10,1.5015,0.0862
2012-07-11,1.5167,0.0913
2012-07-12,1.4743,0.0963
2012-07-13,1.4876,0.0811
2012-07-16,1.4724,0.0862
2012-07-17,1.5078,0.0915
2012-07-18,1.4942,0.0864
2012-07-19,1.5077,0.0763
2012-07-20,1.4567,0.0864
2012-07-23,1.4263,0.0915
2012-07-24,1.3875,0.0963
2012-07-25,1.3975,0.0963
2012-07-26,1.4378,0.1014
2012-07-27,1.5463,0.1014
2012-07-30,1.5019,0.0963
2012-07-31,1.4679,0.0963
2012-08-01,1.524,0.0913
2012-08-02,1.4779,0.0862
2012-08-03,1.5631,0.0761
2012-08-06,1.5664,0.0761
2012-08-07,1.6283,0.0963
2012-08-08,1.6491,0.1065
2012-08-09,1.6881,0.1116
2012-08-10,1.6573,0.1014
2012-08-13,1.6642,0.0963
2012-08-14,1.7378,0.1068
2012-08-15,1.8155,0.0813
2012-08-16,1.8346,0.0813
2012-08-17,1.8105,0.0661
2012-08-20,1.8053,0.0864
2012-08-21,1.7984,0.1014
2012-08-22,1.6916,0.1014
2012-08-23,1.6779,0.0963
2012-08-24,1.6865,0.0913
2012-08-27,1.6506,0.0913
2012-08-28,1.6335,0.0963
2012-08-29,1.6506,0.0963
2012-08-30,1.6233,0.0963
2012-08-31,1.5484,0.071
2012-09-03,1.5484,0.071
2012-09-04,1.5722,0.0862
2012-09-05,1.596,0.1014
2012-09-06,1.6781,0.1014
2012-09-07,1.6678,0.1014
2012-09-10,1.6541,0.1014
2012-09-11,1.7005,0.0966
2012-09-12,1.7576,0.1017
2012-09-13,1.723,0.0966
2012-09-14,1.866,0.0966
2012-09-17,1.8415,0.0915
2012-09-18,1.8083,0.0963
2012-09-19,1.7718,0.1065
2012-09-20,1.764,0.1065
2012-09-21,1.7528,0.1014
2012-09-24,1.7094,0.0963
2012-09-25,1.6662,0.1065
2012-09-26,1.6095,0.1014
2012-09-27,1.6542,0.0862
2012-09-28,1.6335,0.0913
2012-10-01,1.6249,0.0811
2012-10-02,1.6198,0.0862
2012-10-03,1.6146,0.0862
2012-10-04,1.6732,0.1014
2012-10-05,1.7428,0.0963
2012-10-08,1.7428,0.0963
2012-10-09,1.7132,0.0963
2012-10-10,1.6742,0.0966
2012-10-11,1.6699,0.0966
2012-10-12,1.656,0.0966
2012-10-15,1.663,0.0915
2012-10-16,1.7186,0.0862
2012-10-17,1.8185,0.1065
2012-10-18,1.8344,0.0963
2012-10-19,1.7633,0.0913
2012-10-22,1.8134,0.0913
2012-10-23,1.7572,0.1014
2012-10-24,1.7889,0.1065
2012-10-25,1.8233,0.1116
2012-10-26,1.7451,0.1116
2012-10-29,1.7189,0.1116
2012-10-30,1.7189,0.112
2012-10-31,1.6901,0.1065
2012-11-01,1.7242,0.0913
2012-11-02,1.7147,0.0913
2012-11-05,1.6841,0.0862
2012-11-06,1.7507,0.0915
2012-11-07,1.6466,0.0966
2012-11-08,1.6148,0.0864
2012-11-09,1.6063,0.0915
2012-11-12,1.6063,0.0915
2012-11-13,1.5945,0.0864
2012-11-14,1.5911,0.1014
2012-11-15,1.5928,0.0761
2012-11-16,1.58,0.0761
2012-11-19,1.6131,0.0761
2012-11-20,1.6659,0.071
2012-11-21,1.6796,0.0913
2012-11-22,1.6796,0.0913
2012-11-23,1.6899,0.0862
2012-11-26,1.6625,0.0913
2012-11-27,1.6369,0.0811
2012-11-28,1.6284,0.0913
2012-11-29,1.6147,0.0811
2012-11-30,1.6156,0.0761
2012-12-03,1.6207,0.0761
2012-12-04,1.6028,0.0963
2012-12-05,1.5875,0.0913
2012-12-06,1.5857,0.0913
2012-12-07,1.6215,0.0811
2012-12-10,1.6164,0.0761
2012-12-11,1.6541,0.0659
2012-12-12,1.698,0.0608
2012-12-13,1.7299,0.0507
2012-12-14,1.7015,0.0253
2012-12-17,1.7717,0.0203
2012-12-18,1.817,0.0507
2012-12-19,1.8014,0.0507
2012-12-20,1.7962,0.0507
2012-12-21,1.7623,0.0558
2012-12-24,1.7737,0.0507
2012-12-25,1.7737,0.0507
2012-12-26,1.7511,0.0558
2012-12-27,1.7364,0.0659
2012-12-28,1.7009,0.03
2012-12-31,1.7574,0.0406
2013-01-01,1.7574,0.0406
2013-01-02,1.8371,0.0558
2013-01-03,1.9121,0.0659
2013-01-04,1.8991,0.0659
2013-01-07,1.8974,0.0608
2013-01-08,1.8683,0.0507
2013-01-09,1.8568,0.0558
2013-01-10,1.8958,0.0608
2013-01-11,1.8677,0.0659
2013-01-14,1.8448,0.0659
2013-01-15,1.836,0.0761
2013-01-16,1.8185,0.071
2013-01-17,1.8794,0.071
2013-01-18,1.8416,0.071
2013-01-21,1.8416,0.071
2013-01-22,1.8417,0.0608
2013-01-23,1.8241,0.071
2013-01-24,1.8498,0.0761
2013-01-25,1.9487,0.071
2013-01-28,1.9613,0.0608
2013-01-29,1.9991,0.0659
2013-01-30,1.992,0.0608
2013-01-31,1.9849,0.071
2013-02-01,2.0149,0.0659
2013-02-04,1.9548,0.0558
2013-02-05,1.998,0.071
2013-02-06,1.9603,0.0659
2013-02-07,1.9568,0.0659
2013-02-08,1.9499,0.0659
2013-02-11,1.9635,0.0659
2013-02-12,1.977,0.0811
2013-02-13,2.0277,0.0913
2013-02-14,1.9974,0.0963
2013-02-15,2.0017,0.0963
2013-02-18,2.0017,0.0963
2013-02-19,2.0278,0.1065
2013-02-20,2.0087,0.1166
2013-02-21,1.9766,0.1217
2013-02-22,1.9619,0.1217
2013-02-25,1.8637,0.1166
2013-02-26,1.8808,0.1116
2013-02-27,1.9014,0.1014
2013-02-28,1.8756,0.1014
2013-03-01,1.8412,0.1014
2013-03-04,1.8755,0.0862
2013-03-05,1.8978,0.0963
2013-03-06,1.9375,0.0963
2013-03-07,1.9965,0.0963
2013-03-08,2.0427,0.0862
2013-03-11,2.0576,0.0913
2013-03-12,2.0156,0.0913
2013-03-13,2.0209,0.0862
2013-03-14,2.0296,0.0913
2013-03-15,1.9895,0.0811
2013-03-18,1.9546,0.071
2013-03-19,1.9017,0.0507
2013-03-20,1.9581,0.0659
2013-03-21,1.9112,0.0659
2013-03-22,1.925,0.0659
2013-03-25,1.9198,0.0608
2013-03-26,1.9094,0.071
2013-03-27,1.8454,0.0862
2013-03-28,1.8487,0.071
2013-03-29,1.8486,0.071
2013-04-01,1.8314,0.0456
2013-04-02,1.859,0.0862
2013-04-03,1.8106,0.0558
2013-04-04,1.7625,0.0608
2013-04-05,1.7128,0.0608
2013-04-08,1.746,0.0558
2013-04-09,1.7502,0.0608
2013-04-10,1.8034,0.0659
2013-04-11,1.7887,0.0608
2013-04-12,1.7208,0.0608
2013-04-15,1.6798,0.0558
2013-04-16,1.7224,0.0507
2013-04-17,1.695,0.0507
2013-04-18,1.6847,0.0507
2013-04-19,1.7049,0.0456
2013-04-22,1.6929,0.0456
2013-04-23,1.7065,0.0456
2013-04-24,1.7047,0.0507
2013-04-25,1.708,0.0507
2013-04-26,1.6633,0.0507
2013-04-29,1.6701,0.0507
2013-04-30,1.6717,0.0456
2013-05-01,1.629,0.0507
2013-05-02,1.6255,0.0355
2013-05-03,1.7382,0.0456
2013-05-06,1.7588,0.0304
2013-05-07,1.7778,0.0253
2013-05-08,1.7665,0.0406
2013-05-09,1.8109,0.0355
2013-05-10,1.8973,0.0355
2013-05-13,1.9199,0.0355
2013-05-14,1.974,0.0355
2013-05-15,1.9347,0.0355
2013-05-16,1.8809,0.0253
2013-05-17,1.9506,0.0304
2013-05-20,1.9647,0.0304
2013-05-21,1.9263,0.0355
2013-05-22,2.0395,0.0355
2013-05-23,2.0157,0.0406
2013-05-24,2.0081,0.0355
2013-05-27,2.0081,0.0355
2013-05-28,2.1652,0.0406
2013-05-29,2.1153,0.0355
2013-05-30,2.111,0.0253
2013-05-31,2.1282,0.0253
2013-06-03,2.1193,0.0253
2013-06-04,2.1462,0.0406
2013-06-05,2.0892,0.0355
2013-06-06,2.0769,0.0456
2013-06-07,2.1718,0.0406
2013-06-10,2.2097,0.0406
2013-06-11,2.1846,0.0406
2013-06-12,2.228,0.0456
2013-06-13,2.1489,0.0406
2013-06-14,2.1295,0.0406
2013-06-17,2.1817,0.0406
2013-06-18,2.1854,0.0456
2013-06-19,2.3527,0.0406
2013-06-20,2.4144,0.0406
2013-06-21,2.531,0.0406
2013-06-24,2.5368,0.0406
2013-06-25,2.6082,0.0558
2013-06-26,2.5353,0.0558
2013-06-27,2.4721,0.0456
2013-06-28,2.4857,0.0304
2013-07-01,2.4765,0.0101
2013-07-02,2.4693,0.0203
2013-07-03,2.5032,0.0406
2013-07-04,2.5032,0.0406
2013-07-05,2.7391,0.0355
2013-07-08,2.6356,0.0304
2013-07-09,2.634,0.0355
2013-07-10,2.6238,0.0304
2013-07-11,2.5721,0.0304
2013-07-12,2.5821,0.0304
2013-07-15,2.5372,0.0203
2013-07-16,2.5317,0.0253
2013-07-17,2.4888,0.0253
2013-07-18,2.5284,0.0253
2013-07-19,2.4839,0.0203
2013-07-22,2.4804,0.0101
2013-07-23,2.5049,0.0152
2013-07-24,2.588,0.0203
2013-07-25,2.5712,0.0152
2013-07-26,2.5624,0.0152
2013-07-29,2.6023,0.0152
2013-07-30,2.6101,0.0355
2013-07-31,2.5762,0.0355
2013-08-01,2.706,0.0355
2013-08-02,2.596,0.0304
2013-08-05,2.6333,0.0355
2013-08-06,2.6421,0.0355
2013-08-07,2.5986,0.0406
2013-08-08,2.5892,0.0456
2013-08-09,2.5784,0.0507
2013-08-12,2.6206,0.0507
2013-08-13,2.719,0.0456
2013-08-14,2.7136,0.0456
2013-08-15,2.7664,0.0456
2013-08-16,2.8251,0.0355
2013-08-19,2.8804,0.0355
2013-08-20,2.8142,0.0355
2013-08-21,2.8935,0.0304
2013-08-22,2.8844,0.0203
2013-08-23,2.8146,0.0253
2013-08-26,2.7853,0.0051
2013-08-27,2.7087,0.0608
2013-08-28,2.7653,0.0253
2013-08-29,2.7617,0.0203
2013-08-30,2.7839,0.0203
2013-09-02,2.7839,0.0203
2013-09-03,2.8576,0.0152
2013-09-04,2.8966,0.0152
2013-09-05,2.9937,0.0203
2013-09-06,2.9342,0.0152
2013-09-09,2.912,0.0101
2013-09-10,2.9643,0.0152
2013-09-11,2.9122,0.0152
2013-09-12,2.9095,0.0152
2013-09-13,2.8846,0.0101
2013-09-16,2.8643,0.0051
2013-09-17,2.8468,0.0051
2013-09-18,2.6878,0.0051
2013-09-19,2.7519,0
2013-09-20,2.7337,0.0101
2013-09-23,2.6999,0.0051
2013-09-24,2.6552,0.0203
2013-09-25,2.628,0.0152
2013-09-26,2.6498,0
2013-09-27,2.6245,0.0101
2013-09-30,2.61,0.0051
2013-10-01,2.65,0.0152
2013-10-02,2.6173,0.0051
2013-10-03,2.6046,0.0203
2013-10-04,2.6447,0.0203
2013-10-07,2.6265,0.0203
2013-10-08,2.632,0.0456
2013-10-09,2.6631,0.0406
2013-10-10,2.6814,0.0456
2013-10-11,2.6871,0.0558
2013-10-14,2.6871,0.0558
2013-10-15,2.7276,0.1014
2013-10-16,2.6633,0.0862
2013-10-17,2.5894,0.0406
2013-10-18,2.5777,0.0203
2013-10-21,2.6014,0.0253
2013-10-22,2.5124,0.0253
2013-10-23,2.5016,0.0304
2013-10-24,2.5197,0.0304
2013-10-25,2.5088,0.0304
2013-10-28,2.5233,0.0152
2013-10-29,2.5034,0.0355
2013-10-30,2.5378,0.0304
2013-10-31,2.5542,0.0355
2013-11-01,2.6218,0.0355
2013-11-04,2.6035,0.0355
2013-11-05,2.6696,0.0456
2013-11-06,2.6421,0.0456
2013-11-07,2.5999,0.0558
2013-11-08,2.7477,0.0507
2013-11-11,2.7477,0.0507
2013-11-12,2.7728,0.0558
2013-11-13,2.6996,0.071
2013-11-14,2.69,0.071
2013-11-15,2.7033,0.0659
2013-11-18,2.6658,0.0659
2013-11-19,2.7069,0.0761
2013-11-20,2.7987,0.0761
2013-11-21,2.7842,0.071
2013-11-22,2.7427,0.071
2013-11-25,2.7283,0.0608
2013-11-26,2.7077,0.0659
2013-11-27,2.7373,0.0608
2013-11-28,2.7373,0.0608
2013-11-29,2.7445,0.0558
2013-12-02,2.7951,0.0507
2013-12-03,2.7825,0.0355
2013-12-04,2.8342,0.0456
2013-12-05,2.8717,0.0558
2013-12-06,2.8553,0.0558
2013-12-09,2.8389,0.0507
2013-12-10,2.8006,0.0659
2013-12-11,2.8535,0.0659
2013-12-12,2.8773,0.0659
2013-12-13,2.8646,0.0608
2013-12-16,2.8784,0.0608
2013-12-17,2.8354,0.0608
2013-12-18,2.8931,0.0608
2013-12-19,2.9291,0.0659
2013-12-20,2.8886,0.0558
2013-12-23,2.9274,0.0608
2013-12-24,2.9775,0.0659
2013-12-25,2.9775,0.0659
2013-12-26,2.9905,0.0608
2013-12-27,3,0.0608
2013-12-30,2.9703,0.0608
2013-12-31,3.0282,0.0659
2014-01-01,3.0282,0.0659
2014-01-02,2.989,0.0608
2014-01-03,2.9948,0.0659
2014-01-06,2.9576,0.0456
2014-01-07,2.9391,0.0355
2014-01-08,2.9894,0.0304
2014-01-09,2.9652,0.0355
2014-01-10,2.8579,0.0355
2014-01-13,2.8257,0.0253
2014-01-14,2.8709,0.0304
2014-01-15,2.8912,0.0355
2014-01-16,2.8414,0.0304
2014-01-17,2.8194,0.0304
2014-01-20,2.8194,0.0304
2014-01-21,2.8286,0.0355
2014-01-22,2.8656,0.0304
2014-01-23,2.7772,0.0355
2014-01-24,2.715,0.0456
2014-01-27,2.7479,0.0507
2014-01-28,2.7488,0.0456
2014-01-29,2.6767,0.0406
2014-01-30,2.6949,0.0152
2014-01-31,2.644,0.0203
2014-02-03,2.5761,0.0253
2014-02-04,2.6294,0.0507
2014-02-05,2.6675,0.0558
2014-02-06,2.7003,0.0659
2014-02-07,2.6829,0.0811
2014-02-10,2.6674,0.0558
2014-02-11,2.725,0.0456
2014-02-12,2.7608,0.0456
2014-02-13,2.732,0.0203
2014-02-14,2.7428,0.0101
2014-02-17,2.7428,0.0101
2014-02-18,2.7069,0.0152
2014-02-19,2.7392,0.0456
2014-02-20,2.7509,0.0456
2014-02-21,2.731,0.0355
2014-02-24,2.7382,0.0355
2014-02-25,2.7023,0.0406
2014-02-26,2.6655,0.0406
2014-02-27,2.6387,0.0355
2014-02-28,2.6476,0.0456
2014-03-03,2.6012,0.0456
2014-03-04,2.6977,0.0456
2014-03-05,2.7048,0.0507
2014-03-06,2.7373,0.0456
2014-03-07,2.7879,0.0456
2014-03-10,2.777,0.0355
2014-03-11,2.768,0.0406
2014-03-12,2.73,0.0406
2014-03-13,2.6446,0.0406
2014-03-14,2.6543,0.0456
2014-03-17,2.6921,0.0456
2014-03-18,2.6722,0.0456
2014-03-19,2.7725,0.0507
2014-03-20,2.7716,0.0507
2014-03-21,2.7426,0.0456
2014-03-24,2.7281,0.0456
2014-03-25,2.748,0.0456
2014-03-26,2.6919,0.0406
2014-03-27,2.681,0.0304
2014-03-28,2.7208,0.0355
2014-03-31,2.718,0.0304
2014-04-01,2.7525,0.0355
2014-04-02,2.8045,0.0152
2014-04-03,2.7972,0.0152
2014-04-04,2.7207,0.0203
2014-04-07,2.6998,0.0203
2014-04-08,2.6808,0.0253
2014-04-09,2.6898,0.0304
2014-04-10,2.6474,0.0304
2014-04-11,2.6247,0.0355
2014-04-14,2.6472,0.0304
2014-04-15,2.6283,0.0304
2014-04-16,2.6282,0.0253
2014-04-17,2.7215,0.0203
2014-04-18,2.7215,0.0203
2014-04-21,2.7151,0.0253
2014-04-22,2.7105,0.0253
2014-04-23,2.6987,0.0152
2014-04-24,2.6805,0.0051
2014-04-25,2.6623,0.0101
2014-04-28,2.7005,0.0051
2014-04-29,2.6913,0.0101
2014-04-30,2.6459,0.0253
2014-05-01,2.6133,0.0203
2014-05-02,2.5843,0.0152
2014-05-05,2.6068,0.0152
2014-05-06,2.5914,0.0203
2014-05-07,2.5878,0.0253
2014-05-08,2.6161,0.0253
2014-05-09,2.6233,0.0203
2014-05-12,2.6611,0.0203
2014-05-13,2.6089,0.0203
2014-05-14,2.5427,0.0203
2014-05-15,2.4893,0.0203
2014-05-16,2.5231,0.0152
2014-05-19,2.5445,0.0203
2014-05-20,2.5106,0.0253
2014-05-21,2.532,0.0304
2014-05-22,2.5499,0.0304
2014-05-23,2.5321,0.0304
2014-05-26,2.5321,0.0304
2014-05-27,2.5142,0.0253
2014-05-28,2.4431,0.0304
2014-05-29,2.4644,0.0304
2014-05-30,2.4759,0.0304
2014-06-02,2.5267,0.0253
2014-06-03,2.5985,0.0304
2014-06-04,2.6021,0.0304
2014-06-05,2.5824,0.0304
2014-06-06,2.5869,0.0304
2014-06-09,2.6032,0.0304
2014-06-10,2.6439,0.0304
2014-06-11,2.6394,0.0355
2014-06-12,2.5951,0.0355
2014-06-13,2.6033,0.0304
2014-06-16,2.597,0.0253
2014-06-17,2.6523,0.0304
2014-06-18,2.5844,0.0152
2014-06-19,2.6206,0.0101
2014-06-20,2.6052,0.0101
2014-06-23,2.6261,0.0051
2014-06-24,2.5781,0.0203
2014-06-25,2.5592,0.0203
2014-06-26,2.5286,0.0253
2014-06-27,2.534,0.0203
2014-06-30,2.5304,0.0203
2014-07-01,2.5647,0.0203
2014-07-02,2.6264,0.0152
2014-07-03,2.6383,0.0051
2014-07-04,2.6383,0.0051
2014-07-07,2.611,0.0101
2014-07-08,2.5557,0.0203
2014-07-09,2.5503,0.0203
2014-07-10,2.5359,0.0152
2014-07-11,2.516,0.0152
2014-07-14,2.5468,0.0152
2014-07-15,2.5468,0.0152
2014-07-16,2.526,0.0152
2014-07-17,2.4458,0.0101
2014-07-18,2.4809,0.0101
2014-07-21,2.4674,0.0152
2014-07-22,2.4601,0.0203
2014-07-23,2.4655,0.0203
2014-07-24,2.5025,0.0203
2014-07-25,2.4655,0.0253
2014-07-28,2.4853,0.0253
2014-07-29,2.4601,0.0152
2014-07-30,2.5569,0.0304
2014-07-31,2.5578,0.0203
2014-08-01,2.4925,0.0203
2014-08-04,2.4817,0.0152
2014-08-05,2.4844,0.0203
2014-08-06,2.4708,0.0203
2014-08-07,2.4114,0.0203
2014-08-08,2.4203,0.0203
2014-08-11,2.4275,0.0253
2014-08-12,2.4491,0.0253
2014-08-13,2.4166,0.0304
2014-08-14,2.4015,0.0253
2014-08-15,2.3397,0.0253
2014-08-18,2.3927,0.0253
2014-08-19,2.3997,0.0253
2014-08-20,2.4264,0.0203
2014-08-21,2.4068,0.0101
2014-08-22,2.4024,0.0152
2014-08-25,2.382,0.0152
2014-08-26,2.3962,0.0203
2014-08-27,2.3573,0.0253
2014-08-28,2.3361,0.0253
2014-08-29,2.3431,0.0203
2014-09-01,2.3431,0.0203
2014-09-02,2.4211,0.0152
2014-09-03,2.3962,0.0203
2014-09-04,2.4497,0.0203
2014-09-05,2.4587,0.0253
2014-09-08,2.4712,0.0203
2014-09-09,2.5036,0.0101
2014-09-10,2.5414,0.0152
2014-09-11,2.5496,0.0101
2014-09-12,2.6105,0.0101
2014-09-15,2.5887,0.0101
2014-09-16,2.5924,0.0101
2014-09-17,2.6198,0.0152
2014-09-18,2.6144,0.0051
2014-09-19,2.5745,0.0101
2014-09-22,2.5636,0
2014-09-23,2.5275,0.0101
2014-09-24,2.5637,0.0101
2014-09-25,2.5022,0.0051
2014-09-26,2.5276,0.0101
2014-09-29,2.4771,0.0051
2014-09-30,2.4888,0.0152
2014-10-01,2.3856,0.0101
2014-10-02,2.425,0.0101
2014-10-03,2.434,0.0051
2014-10-06,2.4196,0.0051
2014-10-07,2.3391,0.0051
2014-10-08,2.3213,0
2014-10-09,2.3133,0.0051
2014-10-10,2.2804,0.0051
2014-10-13,2.2804,0.0051
2014-10-14,2.1973,0.0051
2014-10-15,2.1358,0.0152
2014-10-16,2.1559,0.0253
2014-10-17,2.1936,0.0203
2014-10-20,2.1909,0.0203
2014-10-21,2.2217,0.0101
2014-10-22,2.2164,0.0152
2014-10-23,2.2712,0.0051
2014-10-24,2.2685,0.0051
2014-10-27,2.2605,0.0051
2014-10-28,2.296,0.0101
2014-10-29,2.3174,0.0101
2014-10-30,2.3058,0.0051
2014-10-31,2.3353,0.0051
2014-11-03,2.3425,0.0051
2014-11-04,2.3335,0.0203
2014-11-05,2.3424,0.0203
2014-11-06,2.3856,0.0203
2014-11-07,2.2976,0.0203
2014-11-10,2.3604,0.0203
2014-11-11,2.3604,0.0152
2014-11-12,2.3712,0.0101
2014-11-13,2.3399,0.0051
2014-11-14,2.3204,0.0051
2014-11-17,2.3399,0.0051
2014-11-18,2.3151,0.0101
2014-11-19,2.3594,0
2014-11-20,2.3373,0
2014-11-21,2.3099,0.0051
2014-11-24,2.3064,0.0051
2014-11-25,2.257,0.0203
2014-11-26,2.2447,0.0051
2014-11-27,2.2447,0.0051
2014-11-28,2.164,0.0101
2014-12-01,2.235,0.0101
2014-12-02,2.2923,0.0101
2014-12-03,2.2799,0.0051
2014-12-04,2.2341,0.0152
2014-12-05,2.3065,0.0101
2014-12-08,2.257,0.0051
2014-12-09,2.2129,0.0253
2014-12-10,2.1638,0.0253
2014-12-11,2.162,0.0203
2014-12-12,2.0817,0.0152
2014-12-15,2.1182,0.0051
2014-12-16,2.0591,0.0304
2014-12-17,2.1356,0.0203
2014-12-18,2.2075,0.0355
2014-12-19,2.1618,0.0253
2014-12-22,2.1583,0.0203
2014-12-23,2.2614,0.0101
2014-12-24,2.2632,0
2014-12-25,2.2632,0.001
2014-12-26,2.2499,0
2014-12-29,2.2021,0
2014-12-30,2.1871,0.0051
2014-12-31,2.1712,0.0355
2015-01-01,2.1712,0.0355
2015-01-02,2.1105,0.0152
2015-01-05,2.032,0.0101
2015-01-06,1.9402,0.0253
2015-01-07,1.9677,0.0203
2015-01-08,2.0179,0.0152
2015-01-09,1.9449,0.0152
2015-01-12,1.907,0.0152
2015-01-13,1.9,0.0253
2015-01-14,1.8553,0.0253
2015-01-15,1.7149,0.0253
2015-01-16,1.8368,0.0152
2015-01-19,1.8368,0.0152
2015-01-20,1.788,0.0051
2015-01-21,1.8717,0.0203
2015-01-22,1.8631,0.0152
2015-01-23,1.7968,0.0152
2015-01-26,1.8241,0.0051
2015-01-27,1.8231,0.0152
2015-01-28,1.7207,0.0152
2015-01-29,1.7512,0.0051
2015-01-30,1.6407,0
2015-02-02,1.6642,0.0051
2015-02-03,1.7915,0.0152
2015-02-04,1.7513,0.0051
2015-02-05,1.8204,0.0051
2015-02-06,1.9567,0.0152
2015-02-09,1.9775,0.0051
2015-02-10,1.9967,0.0051
2015-02-11,2.0176,0.0051
2015-02-12,1.9844,0.0101
2015-02-13,2.0504,0.0051
2015-02-16,2.0504,0.0051
2015-02-17,2.1379,0.0051
2015-02-18,2.08,0.0152
2015-02-19,2.1142,0.0152
2015-02-20,2.1117,0.0152
2015-02-23,2.0574,0.0152
2015-02-24,1.98,0.0152
2015-02-25,1.9688,0.0152
2015-02-26,2.0295,0.0152
2015-02-27,1.993,0.0101
2015-03-02,2.082,0.0101
2015-03-03,2.1189,0.0101
2015-03-04,2.1172,0.0051
2015-03-05,2.1154,0.0051
2015-03-06,2.2414,0.0051
2015-03-09,2.1907,0.0051
2015-03-10,2.1297,0.0101
2015-03-11,2.1086,0.0152
2015-03-12,2.1156,0.0203
2015-03-13,2.114,0.0203
2015-03-16,2.0717,0.0304
2015-03-17,2.0507,0.0456
2015-03-18,1.9199,0.0253
2015-03-19,1.9685,0.0051
2015-03-20,1.9303,0
2015-03-23,1.912,0
2015-03-24,1.8731,0.0152
2015-03-25,1.925,0.0253
2015-03-26,1.9894,0.0253
2015-03-27,1.9615,0.0355
2015-03-30,1.9475,0.0152
2015-03-31,1.9231,0.0203
2015-04-01,1.8573,0.0152
2015-04-02,1.9117,0.0101
2015-04-03,1.8389,0.0101
2015-04-06,1.8952,0.0051
2015-04-07,1.8848,0.0152
2015-04-08,1.9047,0.0203
2015-04-09,1.9596,0.0203
2015-04-10,1.9473,0.0152
2015-04-13,1.9272,0.0101
2015-04-14,1.8985,0.0152
2015-04-15,1.888,0.0101
2015-04-16,1.8897,0.0152
2015-04-17,1.8653,0.0152
2015-04-20,1.8896,0.0101
2015-04-21,1.9087,0.0203
2015-04-22,1.9788,0.0203
2015-04-23,1.9577,0.0203
2015-04-24,1.9086,0.0152
2015-04-27,1.9208,0.0101
2015-04-28,2.0034,0.0101
2015-04-29,2.0388,-0.0051
2015-04-30,2.0317,0
2015-05-01,2.1135,0
2015-05-04,2.144,0
2015-05-05,2.1853,0.0051
2015-05-06,2.2431,0.0051
2015-05-07,2.18,0.0051
2015-05-08,2.1478,0.0051
2015-05-11,2.2797,0.0051
2015-05-12,2.2489,0.0101
2015-05-13,2.2926,0.0152
2015-05-14,2.2301,0.0101
2015-05-15,2.1424,0.0101
2015-05-18,2.2337,0.0051
2015-05-19,2.2886,0.0101
2015-05-20,2.2479,0.0152
2015-05-21,2.1898,0.0101
2015-05-22,2.2092,0.0101
2015-05-25,2.2092,0.0101
2015-05-26,2.139,0.0101
2015-05-27,2.1285,0.0051
2015-05-28,2.1355,0
2015-05-29,2.1214,0
2015-06-01,2.1794,0
2015-06-02,2.2624,0.0051
2015-06-03,2.3642,0.0102
2015-06-04,2.307,0.0102
2015-06-05,2.4076,0.0153
2015-06-08,2.3824,0.0102
2015-06-09,2.4384,0.0102
2015-06-10,2.4838,0.0153
2015-06-11,2.3772,0.0102
2015-06-12,2.3918,0.0051
2015-06-15,2.3559,0.0051
2015-06-16,2.3093,0.0051
2015-06-17,2.3165,0
2015-06-18,2.3345,0
2015-06-19,2.2577,0
2015-06-22,2.3725,0
2015-06-23,2.4087,0.0051
2015-06-24,2.3672,0
2015-06-25,2.4088,0
2015-06-26,2.4726,0
2015-06-29,2.3242,0
2015-06-30,2.3531,0.0051
2015-07-01,2.4219,0.0153
2015-07-02,2.3823,0
2015-07-03,2.3823,0
2015-07-06,2.285,0.0102
2015-07-07,2.2582,0.0102
2015-07-08,2.1922,0.0102
2015-07-09,2.3211,0.0102
2015-07-10,2.3972,0.0051
2015-07-13,2.4538,-0.0102
2015-07-14,2.401,0.0051
2015-07-15,2.3521,0.0101
2015-07-16,2.3503,0.0152
2015-07-17,2.3469,0.0152
2015-07-20,2.3723,0.0203
2015-07-21,2.3253,0.0254
2015-07-22,2.3235,0.0305
2015-07-23,2.2677,0.0305
2015-07-24,2.2624,0.0305
2015-07-27,2.2175,0.0305
2015-07-28,2.2499,0.0458
2015-07-29,2.2859,0.0458
2015-07-30,2.2589,0.0661
2015-07-31,2.1801,0.061
2015-08-03,2.148,0.0661
2015-08-04,2.2213,0.0763
2015-08-05,2.2699,0.0712
2015-08-06,2.2214,0.0356
2015-08-07,2.1623,0.061
2015-08-10,2.2269,0.0661
2015-08-11,2.1409,0.1014
2015-08-12,2.148,0.0963
2015-08-13,2.1854,0.0862
2015-08-14,2.1977,0.0811
2015-08-17,2.1678,0.0608
2015-08-18,2.1925,0.0661
2015-08-19,2.1256,0.0407
2015-08-20,2.0679,0.0153
2015-08-21,2.0365,0.0203
2015-08-24,2.0034,0.0153
2015-08-25,2.0714,0.0508
2015-08-26,2.1752,0.0508
2015-08-27,2.1841,0.0508
2015-08-28,2.1807,0.0508
2015-08-31,2.2179,0
2015-09-01,2.1524,0.0356
2015-09-02,2.1843,0.0102
2015-09-03,2.1596,0.0153
2015-09-04,2.1244,0.0254
2015-09-07,2.1244,0.0254
2015-09-08,2.1828,0.0254
2015-09-09,2.2006,0.0253
2015-09-10,2.222,0.0152
2015-09-11,2.1883,0.0253
2015-09-14,2.1831,0.0203
2015-09-15,2.2867,0.0559
2015-09-16,2.294,0.0508
2015-09-17,2.1903,-0.0051
2015-09-18,2.1336,-0.0152
2015-09-21,2.2012,-0.0152
2015-09-22,2.1337,-0.0051
2015-09-23,2.1497,0.0051
2015-09-24,2.1266,0
2015-09-25,2.1623,-0.0203
2015-09-28,2.0949,-0.0051
2015-09-29,2.0508,-0.0102
2015-09-30,2.0368,-0.0203
2015-10-01,2.0368,-0.0254
2015-10-02,1.9929,-0.0051
2015-10-05,2.0562,-0.0102
2015-10-06,2.0315,-0.0051
2015-10-07,2.0668,-0.0051
2015-10-08,2.104,0
2015-10-09,2.0881,0
2015-10-12,2.0881,0
2015-10-13,2.0439,0
2015-10-14,1.9718,-0.0051
2015-10-15,2.0175,-0.0051
2015-10-16,2.0334,0
2015-10-19,2.0228,-0.0051
2015-10-20,2.067,0.0102
2015-10-21,2.0228,0
2015-10-22,2.0263,0
2015-10-23,2.0866,0
2015-10-26,2.0564,0.0153
2015-10-27,2.037,0.0153
2015-10-28,2.1009,0.0356
2015-10-29,2.1725,0.061
2015-10-30,2.1421,0.0712
2015-11-02,2.1709,0.0508
2015-11-03,2.2105,0.0507
2015-11-04,2.225,0.0355
2015-11-05,2.2323,0.0355
2015-11-06,2.3252,0.0761
2015-11-09,2.3436,0.0761
2015-11-10,2.3419,0.1271
2015-11-11,2.3301,0.1271
2015-11-12,2.3116,0.1271
2015-11-13,2.2658,0.1169
2015-11-16,2.2676,0.1017
2015-11-17,2.2658,0.117
2015-11-18,2.2728,0.1119
2015-11-19,2.2482,0.0915
2015-11-20,2.2623,0.0966
2015-11-23,2.2377,0.1068
2015-11-24,2.2377,0.1576
2015-11-25,2.2341,0.1729
2015-11-26,2.2341,0.1729
2015-11-27,2.2201,0.1678
2015-11-30,2.206,0.1678
2015-12-01,2.1431,0.1983
2015-12-02,2.1797,0.2034
2015-12-03,2.3136,0.2034
2015-12-04,2.2693,0.2136
2015-12-07,2.2288,0.2289
2015-12-08,2.2182,0.2696
2015-12-09,2.2164,0.2492
2015-12-10,2.2305,0.2289
2015-12-11,2.127,0.2187
2015-12-14,2.2217,0.2034
2015-12-15,2.2658,0.2441
2015-12-16,2.296,0.2492
2015-12-17,2.2234,0.2187
2015-12-18,2.204,0.1729
2015-12-21,2.1917,0.1576
2015-12-22,2.2357,0.1882
2015-12-23,2.2534,0.1933
2015-12-24,2.241,0.1983
2015-12-25,2.241,0.1983
2015-12-28,2.2304,0.1933
2015-12-29,2.305,0.1933
2015-12-30,2.2943,0.1424
2015-12-31,2.2694,0.1627
2016-01-01,2.2694,0.1627
2016-01-04,2.2428,0.1627
2016-01-05,2.2357,0.1983
2016-01-06,2.1702,0.1983
2016-01-07,2.1455,0.1983
2016-01-08,2.1156,0.1933
2016-01-11,2.1754,0.1882
2016-01-12,2.1032,0.2085
2016-01-13,2.0927,0.2187
2016-01-14,2.0874,0.2441
2016-01-15,2.0347,0.2289
2016-01-18,2.0347,0.2289
2016-01-19,2.0556,0.239
2016-01-20,1.9824,0.2594
2016-01-21,2.0311,0.2798
2016-01-22,2.0519,0.295
2016-01-25,2.0012,0.2849
2016-01-26,1.9942,0.3103
2016-01-27,1.9993,0.3154
2016-01-28,1.9784,0.3256
2016-01-29,1.9209,0.3103
2016-02-01,1.9486,0.3001
2016-02-02,1.8448,0.3358
2016-02-03,1.8861,0.3307
2016-02-04,1.8395,0.29
2016-02-05,1.8357,0.2899
2016-02-08,1.7483,0.2645
2016-02-09,1.726,0.3052
2016-02-10,1.6681,0.3052
2016-02-11,1.6591,0.2798
2016-02-12,1.7481,0.2798
2016-02-15,1.7481,0.2798
2016-02-16,1.7723,0.2798
2016-02-17,1.819,0.3001
2016-02-18,1.7396,0.29
2016-02-19,1.7449,0.2899
2016-02-22,1.7518,0.3001
2016-02-23,1.7225,0.3205
2016-02-24,1.7484,0.3307
2016-02-25,1.7157,0.3205
2016-02-26,1.7623,0.3103
2016-02-29,1.7347,0.3154
2016-03-01,1.8249,0.3256
2016-03-02,1.8406,0.295
2016-03-03,1.8337,0.2747
2016-03-04,1.8741,0.2645
2016-03-07,1.9057,0.2747
2016-03-08,1.8287,0.3001
2016-03-09,1.876,0.3001
2016-03-10,1.9323,0.3103
2016-03-11,1.9839,0.3154
2016-03-14,1.9592,0.3154
2016-03-15,1.9699,0.3307
2016-03-16,1.9081,0.295
2016-03-17,1.8958,0.2798
2016-03-18,1.8732,0.2849
2016-03-21,1.9155,0.3001
2016-03-22,1.9403,0.2951
2016-03-23,1.8786,0.3001
2016-03-24,1.9,0.2798
2016-03-25,1.9,0.2798
2016-03-28,1.886,0.2645
2016-03-29,1.8035,0.2238
2016-03-30,1.8228,0.1933
2016-03-31,1.7687,0.1983
2016-04-01,1.7705,0.2238
2016-04-04,1.7618,0.1933
2016-04-05,1.7201,0.2136
2016-04-06,1.7549,0.2289
2016-04-07,1.6889,0.2289
2016-04-08,1.7167,0.2238
2016-04-11,1.7254,0.2136
2016-04-12,1.7761,0.2238
2016-04-13,1.7639,0.2238
2016-04-14,1.7919,0.2187
2016-04-15,1.7518,0.2187
2016-04-18,1.7711,0.2034
2016-04-19,1.7851,0.2085
2016-04-20,1.845,0.2238
2016-04-21,1.861,0.2289
2016-04-22,1.8878,0.2289
2016-04-25,1.9128,0.2492
2016-04-26,1.9271,0.2441
2016-04-27,1.8508,0.234
2016-04-28,1.8243,0.2085
2016-04-29,1.8333,0.2085
2016-05-02,1.8723,0.1882
2016-05-03,1.7963,0.1983
2016-05-04,1.7752,0.1882
2016-05-05,1.7453,0.1882
2016-05-06,1.7789,0.1933
2016-05-09,1.7507,0.2136
2016-05-10,1.7613,0.2441
2016-05-11,1.7367,0.2543
2016-05-12,1.7516,0.2645
2016-05-13,1.7001,0.2645
2016-05-16,1.7533,0.2645
2016-05-17,1.7723,0.2849
2016-05-18,1.8538,0.295
2016-05-19,1.8487,0.3001
2016-05-20,1.8384,0.3052
2016-05-23,1.835,0.3205
2016-05-24,1.8629,0.346
2016-05-25,1.8664,0.3256
2016-05-26,1.8282,0.2849
2016-05-27,1.851,0.3103
2016-05-30,1.851,0.3103
2016-05-31,1.8458,0.2849
2016-06-01,1.8354,0.2892
2016-06-02,1.7989,0.2739
2016-06-03,1.7004,0.279
2016-06-06,1.7367,0.2587
2016-06-07,1.7177,0.2638
2016-06-08,1.7022,0.2333
2016-06-09,1.6867,0.2486
2016-06-10,1.6404,0.2435
2016-06-13,1.6096,0.2536
2016-06-14,1.613,0.2645
2016-06-15,1.572,0.2543
2016-06-16,1.5788,0.2543
2016-06-17,1.6078,0.2543
2016-06-20,1.6886,0.2492
2016-06-21,1.7059,0.2689
2016-06-22,1.6852,0.2638
2016-06-23,1.7458,0.2841
2016-06-24,1.5599,0.2485
2016-06-27,1.4377,0.2435
2016-06-28,1.4664,0.2536
2016-06-29,1.5155,0.2587
2016-06-30,1.4697,0.2587
2016-07-01,1.4441,0.2536
2016-07-04,1.4441,0.2536
2016-07-05,1.375,0.2435
2016-07-06,1.3682,0.2689
2016-07-07,1.385,0.2841
2016-07-08,1.3579,0.2739
2016-07-11,1.4303,0.279
2016-07-12,1.51,0.29
2016-07-13,1.4743,0.3001
2016-07-14,1.5356,0.3103
2016-07-15,1.5509,0.3001
2016-07-18,1.5818,0.295
2016-07-19,1.5526,0.3095
2016-07-20,1.5801,0.3196
2016-07-21,1.556,0.3095
2016-07-22,1.5663,0.3145
2016-07-25,1.5731,0.3044
2016-07-26,1.5611,0.3044
2016-07-27,1.4976,0.279
2016-07-28,1.5044,0.2384
2016-07-29,1.4531,0.2536
2016-08-01,1.5214,0.2536
2016-08-02,1.5558,0.2689
2016-08-03,1.542,0.2638
2016-08-04,1.5008,0.2536
2016-08-05,1.5885,0.2587
2016-08-08,1.592,0.2587
2016-08-09,1.547,0.2798
2016-08-10,1.5074,0.2798
2016-08-11,1.5593,0.2798
2016-08-12,1.5135,0.2747
2016-08-15,1.5576,0.2849
2016-08-16,1.5746,0.2739
2016-08-17,1.5491,0.2942
2016-08-18,1.5356,0.2942
2016-08-19,1.5781,0.2993
2016-08-22,1.5424,0.2892
2016-08-23,1.5458,0.2993
2016-08-24,1.5611,0.3146
2016-08-25,1.5731,0.3196
2016-08-26,1.6296,0.3145
2016-08-29,1.5595,0.3095
2016-08-30,1.5663,0.3247
2016-08-31,1.58,0.3298
2016-09-01,1.5681,0.3247
2016-09-02,1.6024,0.3196
2016-09-05,1.6024,0.3196
2016-09-06,1.534,0.3095
2016-09-07,1.5391,0.3358
2016-09-08,1.599,0.3409
2016-09-09,1.6749,0.3358
2016-09-12,1.6629,0.3612
2016-09-13,1.7271,0.3501
2016-09-14,1.6976,0.3196
2016-09-15,1.6907,0.2841
2016-09-16,1.6926,0.279
2016-09-19,1.7118,0.2485
2016-09-20,1.6892,0.2892
2016-09-21,1.6511,0.2029
2016-09-22,1.6183,0.1674
2016-09-23,1.6184,0.1674
2016-09-26,1.5839,0.1826
2016-09-27,1.5564,0.2536
2016-09-28,1.5719,0.2739
2016-09-29,1.5599,0.2536
2016-09-30,1.5944,0.2739
2016-10-03,1.6221,0.2993
2016-10-04,1.6864,0.3205
2016-10-05,1.7021,0.3205
2016-10-06,1.7372,0.3205
2016-10-07,1.7181,0.3154
2016-10-10,1.7181,0.3154
2016-10-11,1.7638,0.3307
2016-10-12,1.7692,0.3399
2016-10-13,1.7411,0.2841
2016-10-14,1.7977,0.2892
2016-10-17,1.766,0.2993
2016-10-18,1.7379,0.3349
2016-10-19,1.7432,0.3298
2016-10-20,1.7556,0.3298
2016-10-21,1.7347,0.3247
2016-10-24,1.7647,0.3196
2016-10-25,1.756,0.3298
2016-10-26,1.7931,0.3247
2016-10-27,1.8536,0.2841
2016-10-28,1.8468,0.279
2016-10-31,1.8255,0.2993
2016-11-01,1.8274,0.3511
2016-11-02,1.8025,0.3612
2016-11-03,1.8115,0.3663
2016-11-04,1.7762,0.3663
2016-11-07,1.8261,0.402
2016-11-08,1.8547,0.4161
2016-11-09,2.0571,0.4263
2016-11-10,2.1501,0.4669
2016-11-11,2.1501,0.4669
2016-11-14,2.2614,0.5126
2016-11-15,2.2189,0.4822
2016-11-16,2.2225,0.4568
2016-11-17,2.3026,0.4263
2016-11-18,2.3548,0.4313
2016-11-21,2.3154,0.4313
2016-11-22,2.3119,0.4822
2016-11-23,2.3498,0.4923
2016-11-24,2.3498,0.4923
2016-11-25,2.3572,0.4923
2016-11-28,2.3124,0.4618
2016-11-29,2.291,0.4771
2016-11-30,2.3809,0.4771
2016-12-01,2.4481,0.4669
2016-12-02,2.3831,0.4618
2016-12-05,2.3941,0.4618
2016-12-06,2.3887,0.4873
2016-12-07,2.3401,0.4974
2016-12-08,2.4071,0.5025
2016-12-09,2.4675,0.533
2016-12-12,2.4712,0.5025
2016-12-13,2.4713,0.533
2016-12-14,2.5707,0.533
2016-12-15,2.5967,0.4974
2016-12-16,2.5916,0.4923
2016-12-19,2.5382,0.4872
2016-12-20,2.5586,0.5076
2016-12-21,2.5348,0.5025
2016-12-22,2.5515,0.5025
2016-12-23,2.5373,0.5076
2016-12-26,2.5373,0.5076
2016-12-27,2.5596,0.5126
2016-12-28,2.508,0.5076
2016-12-29,2.475,0.4466
2016-12-30,2.4443,0.4974
2017-01-02,2.4443,0.4974
2017-01-03,2.4444,0.4872
2017-01-04,2.439,0.5279
2017-01-05,2.3443,0.5127
2017-01-06,2.4193,0.5126
2017-01-09,2.3647,0.4974
2017-01-10,2.3757,0.5076
2017-01-11,2.3721,0.5076
2017-01-12,2.3631,0.5127
2017-01-13,2.3964,0.5228
2017-01-16,2.3964,0.5228
2017-01-17,2.3253,0.5228
2017-01-18,2.4296,0.5228
2017-01-19,2.4739,0.5025
2017-01-20,2.4668,0.4974
2017-01-23,2.3971,0.4872
2017-01-24,2.4652,0.5025
2017-01-25,2.5116,0.4923
2017-01-26,2.5043,0.4974
2017-01-27,2.4843,0.5076
2017-01-30,2.4881,0.5025
2017-01-31,2.4531,0.5127
2017-02-01,2.4699,0.5025
2017-02-02,2.4737,0.4974
2017-02-03,2.4648,0.4974
2017-02-06,2.4077,0.5177
2017-02-07,2.3931,0.5178
2017-02-08,2.3363,0.533
2017-02-09,2.3948,0.5381
2017-02-10,2.4073,0.533
2017-02-13,2.4358,0.533
2017-02-14,2.4698,0.5381
2017-02-15,2.4932,0.533
2017-02-16,2.4467,0.5177
2017-02-17,2.4147,0.5126
2017-02-20,2.4147,0.5126
2017-02-21,2.429,0.5126
2017-02-22,2.4129,0.5127
2017-02-23,2.372,0.5076
2017-02-24,2.3117,0.5025
2017-02-27,2.365,0.5025
2017-02-28,2.3899,0.6042
2017-03-01,2.4526,0.6194
2017-03-02,2.4779,0.6601
2017-03-03,2.478,0.6957
2017-03-06,2.4997,0.7211
2017-03-07,2.5179,0.7415
2017-03-08,2.5597,0.7161
2017-03-09,2.6053,0.7262
2017-03-10,2.5745,0.7414
2017-03-13,2.6258,0.7414
2017-03-14,2.6002,0.7619
2017-03-15,2.493,0.7212
2017-03-16,2.5402,0.7211
2017-03-17,2.5005,0.7262
2017-03-20,2.4607,0.7262
2017-03-21,2.4175,0.7568
2017-03-22,2.405,0.7619
2017-03-23,2.4194,0.7618
2017-03-24,2.4123,0.7618
2017-03-27,2.3782,0.772
2017-03-28,2.4178,0.7721
2017-03-29,2.3765,0.772
2017-03-30,2.4197,0.7568
2017-03-31,2.3874,0.7516
2017-04-03,2.3193,0.7567
2017-04-04,2.3605,0.7721
2017-04-05,2.3354,0.7975
2017-04-06,2.3408,0.8026
2017-04-07,2.3822,0.8127
2017-04-10,2.3661,0.8025
2017-04-11,2.2962,0.8077
2017-04-12,2.2392,0.8026
2017-04-13,2.2374,0.8025
2017-04-14,2.2374,0.8025
2017-04-17,2.2498,0.8025
2017-04-18,2.1682,0.8026
2017-04-19,2.2143,0.7975
2017-04-20,2.232,0.7873
2017-04-21,2.248,0.772
2017-04-24,2.273,0.7872
2017-04-25,2.3322,0.8128
2017-04-26,2.3035,0.8077
2017-04-27,2.2946,0.7975
2017-04-28,2.2802,0.7923
2017-05-01,2.318,0.8025
2017-05-02,2.2803,0.8433
2017-05-03,2.318,0.8637
2017-05-04,2.3541,0.8738
2017-05-05,2.3487,0.8839
2017-05-08,2.3868,0.889
2017-05-09,2.3977,0.8942
2017-05-10,2.4141,0.8891
2017-05-11,2.3874,0.8738
2017-05-12,2.3257,0.8687
2017-05-15,2.3433,0.8737
2017-05-16,2.3257,0.8993
2017-05-17,2.2243,0.8891
2017-05-18,2.2294,0.9095
2017-05-19,2.2346,0.9043
2017-05-22,2.2537,0.8941
2017-05-23,2.2799,0.9044
2017-05-24,2.2502,0.9197
2017-05-25,2.2554,0.9197
2017-05-26,2.2465,0.9246
2017-05-29,2.2465,0.9246
2017-05-30,2.2098,0.9297
2017-05-31,2.2028,0.9706
2017-06-01,2.2114,0.9706
2017-06-02,2.1591,0.9705
2017-06-05,2.1817,0.9705
2017-06-06,2.1451,0.9706
2017-06-07,2.1729,0.9859
2017-06-08,2.1885,0.991
2017-06-09,2.2005,0.996
2017-06-12,2.2145,0.9959
2017-06-13,2.2109,0.9961
2017-06-14,2.1256,1.0012
2017-06-15,2.1637,1.0011
2017-06-16,2.1514,1.0011
2017-06-19,2.1879,1.001
2017-06-20,2.1565,1.0114
2017-06-21,2.1634,0.9808
2017-06-22,2.1477,0.9451
2017-06-23,2.1423,0.9501
2017-06-26,2.137,0.9501
2017-06-27,2.2051,1.0012
2017-06-28,2.2279,1.0012
2017-06-29,2.2666,1.0215
2017-06-30,2.3037,1.0113
2017-07-03,2.3499,1.0214
2017-07-04,2.3499,1.0214
2017-07-05,2.3232,1.0419
2017-07-06,2.3659,1.0317
2017-07-07,2.3856,1.0265
2017-07-10,2.373,1.0265
2017-07-11,2.3605,1.0369
2017-07-12,2.3177,1.0419
2017-07-13,2.3444,1.0317
2017-07-14,2.3319,1.0316
2017-07-17,2.3141,1.0367
2017-07-18,2.259,1.0522
2017-07-19,2.2696,1.1031
2017-07-20,2.2589,1.1387
2017-07-21,2.2375,1.159
2017-07-24,2.2552,1.1692
2017-07-25,2.3354,1.1541
2017-07-26,2.2872,1.1133
2017-07-27,2.3103,1.0929
2017-07-28,2.2889,1.0775
2017-07-31,2.2942,1.0724
2017-08-01,2.2532,1.0674
2017-08-02,2.271,1.0674
2017-08-03,2.2212,1.0725
2017-08-04,2.262,1.0698
2017-08-07,2.253,1.0507
2017-08-08,2.2619,1.0445
2017-08-09,2.2476,1.0445
2017-08-10,2.1975,1.0304
2017-08-11,2.1888,1.0316
2017-08-14,2.2185,1.0201
2017-08-15,2.2728,1.019
2017-08-16,2.222,1.0037
2017-08-17,2.1853,0.9961
2017-08-18,2.1939,1.0011
2017-08-21,2.1817,0.9756
2017-08-22,2.2131,0.9974
2017-08-23,2.166,0.9948
2017-08-24,2.1939,1.0114
2017-08-25,2.1659,1.0036
2017-08-28,2.1571,1.0189
2017-08-29,2.1292,1.0076
2017-08-30,2.1309,1.0101
2017-08-31,2.117,0.991
2017-09-01,2.1657,0.9998
2017-09-04,2.1657,0.9998
2017-09-05,2.0596,0.9997
2017-09-06,2.1046,1.0547
2017-09-07,2.0387,1.0394
2017-09-08,2.0507,1.0367
2017-09-11,2.1306,1.0341
2017-09-12,2.1672,1.0267
2017-09-13,2.1883,1.0343
2017-09-14,2.1847,1.0432
2017-09-15,2.2023,1.0265
2017-09-18,2.2287,1.0125
2017-09-19,2.2446,1.0267
2017-09-20,2.2676,1.0279
2017-09-21,2.2765,1.0279
2017-09-22,2.2499,1.0202
2017-09-25,2.2198,1.0074
2017-09-26,2.2357,1.0496
2017-09-27,2.3103,1.0458
2017-09-28,2.3085,1.047
2017-09-29,2.3336,1.0405
2017-10-02,2.3408,1.0201
2017-10-03,2.3229,1.0445
2017-10-04,2.3229,1.061
2017-10-05,2.348,1.0597
2017-10-06,2.3589,1.0622
2017-10-09,2.3589,1.0622
2017-10-10,2.3607,1.0723
2017-10-11,2.3481,1.0878
2017-10-12,2.3177,1.0712
2017-10-13,2.273,1.0673
2017-10-16,2.3034,1.0622
2017-10-17,2.2998,1.0878
2017-10-18,2.3465,1.0878
2017-10-19,2.3178,1.0852
2017-10-20,2.3845,1.103
2017-10-23,2.3664,1.0876
2017-10-24,2.4189,1.1108
2017-10-25,2.4317,1.098
2017-10-26,2.4609,1.0954
2017-10-27,2.4064,1.0928
2017-10-30,2.3684,1.0927
2017-10-31,2.3793,1.1312
2017-11-01,2.3721,1.1592
2017-11-02,2.345,1.1591
2017-11-03,2.3325,1.1692
2017-11-06,2.3163,1.1768
2017-11-07,2.3145,1.1987
2017-11-08,2.3343,1.2229
2017-11-09,2.3416,1.2229
2017-11-10,2.3984,1.2202
2017-11-13,2.4055,1.2074
2017-11-14,2.3717,1.2408
2017-11-15,2.3222,1.2382
2017-11-16,2.3753,1.2535
2017-11-17,2.3435,1.2585
2017-11-20,2.3666,1.2584
2017-11-21,2.3559,1.2714
2017-11-22,2.3187,1.2841
2017-11-23,2.3187,1.2841
2017-11-24,2.3418,1.261
2017-11-27,2.3277,1.2431
2017-11-28,2.3277,1.2765
2017-11-29,2.3882,1.2841
2017-11-30,2.4097,1.256
2017-12-01,2.3615,1.2585
2017-12-04,2.3723,1.2686
2017-12-05,2.3509,1.2893
2017-12-06,2.3385,1.2816
2017-12-07,2.3634,1.2764
2017-12-08,2.376,1.2712
2017-12-11,2.3886,1.2865
2017-12-12,2.4011,1.325
2017-12-13,2.3422,1.2969
2017-12-14,2.3493,1.3019
2017-12-15,2.353,1.312
2017-12-18,2.3942,1.3375
2017-12-19,2.4644,1.3658
2017-12-20,2.497,1.3734
2017-12-21,2.4826,1.3402
2017-12-22,2.481,1.3222
2017-12-25,2.481,1.3222
2017-12-26,2.4756,1.3298
2017-12-27,2.4107,1.4321
2017-12-28,2.4305,1.3759
2017-12-29,2.4054,1.3757
2018-01-01,2.4054,1.3757
2018-01-02,2.4633,1.3884
2018-01-03,2.4471,1.3913
2018-01-04,2.4525,1.3964
2018-01-05,2.4763,1.3936
2018-01-08,2.48,1.4063
2018-01-09,2.553,1.4245
2018-01-10,2.5568,1.4194
2018-01-11,2.5367,1.427
2018-01-12,2.5462,1.437
2018-01-15,2.5462,1.437
2018-01-16,2.5371,1.419
2018-01-17,2.5904,1.4398
2018-01-18,2.6256,1.427
2018-01-19,2.6592,1.4268
2018-01-22,2.65,1.4166
2018-01-23,2.6131,1.4348
2018-01-24,2.6465,1.4296
2018-01-25,2.617,1.4168
2018-01-26,2.6599,1.4115
2018-01-29,2.6936,1.4038
2018-01-30,2.7199,1.4424
2018-01-31,2.705,1.4551
2018-02-01,2.7896,1.478
2018-02-02,2.8411,1.4728
2018-02-05,2.7056,1.4804
2018-02-06,2.8016,1.5165
2018-02-07,2.8359,1.5419
2018-02-08,2.824,1.5393
2018-02-09,2.8512,1.5545
2018-02-12,2.8585,1.5697
2018-02-13,2.8294,1.5829
2018-02-14,2.9022,1.5726
2018-02-15,2.9095,1.5879
2018-02-16,2.8749,1.5901
2018-02-19,2.8749,1.5901
2018-02-20,2.8896,1.5952
2018-02-21,2.95,1.639
2018-02-22,2.9207,1.6338
2018-02-23,2.866,1.6387
2018-02-26,2.8623,1.6387
2018-02-27,2.8934,1.6596
2018-02-28,2.8606,1.6518
2018-03-01,2.8078,1.6109
2018-03-02,2.8643,1.6387
2018-03-05,2.8808,1.6565
2018-03-06,2.8863,1.6621
2018-03-07,2.8827,1.6748
2018-03-08,2.8571,1.6543
2018-03-09,2.8938,1.6592
2018-03-12,2.8681,1.6744
2018-03-13,2.8426,1.703
2018-03-14,2.817,1.7489
2018-03-15,2.828,1.7616
2018-03-16,2.8445,1.7691
2018-03-19,2.8555,1.7562
2018-03-20,2.8959,1.7874
2018-03-21,2.883,1.7413
2018-03-22,2.8244,1.7105
2018-03-23,2.8135,1.7154
2018-03-26,2.852,1.7383
2018-03-27,2.7753,1.7516
2018-03-28,2.7807,1.7183
2018-03-29,2.7389,1.7001
2018-03-30,2.7389,1.7001
2018-04-02,2.7298,1.7153
2018-04-03,2.7753,1.7388
2018-04-04,2.8027,1.6953
2018-04-05,2.832,1.7054
2018-04-06,2.7735,1.7077
2018-04-09,2.779,1.7076
2018-04-10,2.8009,1.7209
2018-04-11,2.7808,1.7208
2018-04-12,2.8358,1.7437
2018-04-13,2.8267,1.7486
2018-04-16,2.8267,1.7409
2018-04-17,2.8285,1.7797
2018-04-18,2.8728,1.8078
2018-04-19,2.9098,1.8102
2018-04-20,2.9602,1.7997
2018-04-23,2.9752,1.8175
2018-04-24,2.9995,1.8488
2018-04-25,3.0259,1.8436
2018-04-26,2.9809,1.8077
2018-04-27,2.9568,1.8023
2018-04-30,2.9531,1.7996
2018-05-01,2.9644,1.8309
2018-05-02,2.9663,1.8231
2018-05-03,2.9458,1.823
2018-05-04,2.9497,1.8253
2018-05-07,2.9497,1.8252
2018-05-08,2.976,1.8539
2018-05-09,3.0042,1.8794
2018-05-10,2.9622,1.8844
2018-05-11,2.9695,1.8995
2018-05-14,3.0024,1.8942
2018-05-15,3.0723,1.9
2018-05-16,3.0964,1.8973
2018-05-17,3.1112,1.8998
2018-05-18,3.0559,1.8816
2018-05-21,3.0596,1.8994
2018-05-22,3.0597,1.9204
2018-05-23,2.9935,1.905
2018-05-24,2.977,1.8921
2018-05-25,2.9313,1.8891
2018-05-28,2.9313,1.8891
2018-05-29,2.781,1.8737
2018-05-30,2.855,1.9127
2018-05-31,2.8586,1.8946
2018-06-01,2.9022,1.9046
2018-06-04,2.9424,1.9019
2018-06-05,2.9277,1.9332
2018-06-06,2.9717,1.9331
2018-06-07,2.9204,1.9202
2018-06-08,2.9461,1.9071
2018-06-11,2.9516,1.8968
2018-06-12,2.9608,1.9153
2018-06-13,2.9663,1.9203
2018-06-14,2.9351,1.9228
2018-06-15,2.9205,1.9174
2018-06-18,2.9169,1.9198
2018-06-19,2.8967,1.923
2018-06-20,2.9389,1.9229
2018-06-21,2.8967,1.9279
2018-06-22,2.8949,1.9071
2018-06-25,2.8803,1.884
2018-06-26,2.8766,1.9153
2018-06-27,2.8256,1.9178
2018-06-28,2.8365,1.9126
2018-06-29,2.8601,1.9123
2018-07-02,2.8711,1.9249
2018-07-03,2.8309,1.9613
2018-07-04,2.8309,1.9613
2018-07-05,2.8291,1.9433
2018-07-06,2.8217,1.9404
2018-07-09,2.8564,1.9505
2018-07-10,2.8491,1.9691
2018-07-11,2.8491,1.9536
2018-07-12,2.8454,1.9612
2018-07-13,2.8271,1.966
2018-07-16,2.8582,1.9761
2018-07-17,2.86,2.0075
2018-07-18,2.8692,1.9971
2018-07-19,2.838,1.9842
2018-07-20,2.8931,1.9685
2018-07-23,2.9541,1.9556
2018-07-24,2.9486,1.9844
2018-07-25,2.9746,1.992
2018-07-26,2.9764,1.9816
2018-07-27,2.9542,1.9813
2018-07-30,2.9728,1.9812
2018-07-31,2.9598,2.0203
2018-08-01,3.0064,2.0176
2018-08-02,2.9859,2.0021
2018-08-03,2.9488,2.0018
2018-08-06,2.9395,2.0068
2018-08-07,2.973,2.0433
2018-08-08,2.96,2.0483
2018-08-09,2.9258,2.0431
2018-08-10,2.8732,2.0427
2018-08-13,2.8786,2.0375
2018-08-14,2.8985,2.0664
2018-08-15,2.8623,2.0534
2018-08-16,2.8659,2.0456
2018-08-17,2.8605,2.0325
2018-08-20,2.819,2.0324
2018-08-21,2.8298,2.0614
2018-08-22,2.8189,2.0715
2018-08-23,2.8261,2.0739
2018-08-24,2.8098,2.0864
2018-08-27,2.8459,2.0965
2018-08-28,2.8804,2.1099
2018-08-29,2.884,2.1175
2018-08-30,2.855,2.0969
2018-08-31,2.8604,2.0938
2018-09-03,2.8604,2.0938
2018-09-04,2.8985,2.1091
2018-09-05,2.9022,2.1303
2018-09-06,2.8731,2.125
2018-09-07,2.9388,2.1298
2018-09-10,2.9314,2.1245
2018-09-11,2.9755,2.1381
2018-09-12,2.9626,2.1354
2018-09-13,2.97,2.1327
2018-09-14,2.9959,2.1426
2018-09-17,2.9867,2.1476
2018-09-18,3.0551,2.1612
2018-09-19,3.0626,2.161
2018-09-20,3.0626,2.1609
2018-09-21,3.0628,2.1631
2018-09-24,3.0889,2.1655
2018-09-25,3.0964,2.2047
2018-09-26,3.048,2.1918
2018-09-27,3.0518,2.184
2018-09-28,3.0612,2.1964
2018-10-01,3.0836,2.1937
2018-10-02,3.0631,2.2073
2018-10-03,3.1813,2.2174
2018-10-04,3.187,2.2121
2018-10-05,3.2328,2.209
2018-10-08,3.2328,2.209
2018-10-09,3.2063,2.2345
2018-10-10,3.1629,2.2584
2018-10-11,3.1498,2.2583
2018-10-12,3.1613,2.263
2018-10-15,3.1557,2.2731
2018-10-16,3.1633,2.297
2018-10-17,3.205,2.3046
2018-10-18,3.1786,2.3044
2018-10-19,3.1921,2.304
2018-10-22,3.1978,2.3013
2018-10-23,3.1676,2.3227
2018-10-24,3.1035,2.3276
2018-10-25,3.1167,2.3249
2018-10-26,3.0755,2.3193
2018-10-29,3.0849,2.3038
2018-10-30,3.1227,2.3227
2018-10-31,3.1435,2.3251
2018-11-01,3.1303,2.3147
2018-11-02,3.2121,2.3142
2018-11-05,3.2008,2.3115
2018-11-06,3.2276,2.338
2018-11-07,3.2355,2.3533
2018-11-08,3.2373,2.348
2018-11-09,3.1819,2.3448
2018-11-12,3.1819,2.3448
2018-11-13,3.1397,2.337
2018-11-14,3.125,2.3712
2018-11-15,3.1103,2.3557
2018-11-16,3.0628,2.3424
2018-11-19,3.0628,2.3474
2018-11-20,3.0628,2.3791
2018-11-21,3.0627,2.3967
2018-11-22,3.0627,2.3967
2018-11-23,3.039,2.3962
2018-11-26,3.0535,2.3935
2018-11-27,3.0572,2.3893
2018-11-28,3.059,2.3789
2018-11-29,3.0298,2.3531
2018-11-30,2.9879,2.3424
2018-12-03,2.9697,2.332
2018-12-04,2.9136,2.4071
2018-12-05,2.9136,2.4071
2018-12-06,2.8955,2.4018
2018-12-07,2.845,2.386
2018-12-10,2.8575,2.373
2018-12-11,2.879,2.3868
2018-12-12,2.9096,2.4174
2018-12-13,2.9131,2.407
2018-12-14,2.8895,2.4091
2018-12-17,2.857,2.3807
2018-12-18,2.8175,2.3842
2018-12-19,2.7548,2.3943
2018-12-20,2.8065,2.3788
2018-12-21,2.7902,2.3757
2018-12-24,2.7383,2.3729
2018-12-25,2.7383,2.3729
2018-12-26,2.8079,2.4251
2018-12-27,2.7666,2.3993
2018-12-28,2.7182,2.3706
2018-12-31,2.6842,2.3549
2019-01-01,2.6842,2.3549
2019-01-02,2.6204,2.4097
2019-01-03,2.5535,2.3993
2019-01-04,2.6677,2.4065
2019-01-07,2.696,2.4038
2019-01-08,2.728,2.4381
2019-01-09,2.71,2.4354
2019-01-10,2.7421,2.4224
2019-01-11,2.7007,2.4142
2019-01-14,2.7024,2.4115
2019-01-15,2.7112,2.4227
2019-01-16,2.7218,2.4071
2019-01-17,2.7504,2.3967
2019-01-18,2.7842,2.3935
2019-01-21,2.7842,2.3935
2019-01-22,2.7392,2.3934
2019-01-23,2.7409,2.3969
2019-01-24,2.7157,2.3531
2019-01-25,2.7585,2.3732
2019-01-28,2.744,2.3807
2019-01-29,2.7098,2.4073
2019-01-30,2.6775,2.4123
2019-01-31,2.6293,2.3839
2019-02-01,2.6842,2.386
2019-02-04,2.7235,2.3781
2019-02-05,2.6983,2.4047
2019-02-06,2.6946,2.4123
2019-02-07,2.6572,2.3967
2019-02-08,2.6339,2.4116
2019-02-11,2.6536,2.4243
2019-02-12,2.6877,2.4253
2019-02-13,2.7021,2.4277
2019-02-14,2.6536,2.4198
2019-02-15,2.6626,2.4192
2019-02-18,2.6626,2.4192
2019-02-19,2.6339,2.419
2019-02-20,2.6447,2.4354
2019-02-21,2.6914,2.4429
2019-02-22,2.6518,2.4424
2019-02-25,2.6626,2.4397
2019-02-26,2.6357,2.4381
2019-02-27,2.6825,2.4354
2019-02-28,2.715,2.4326
2019-03-01,2.7531,2.4296
2019-03-04,2.7223,2.4243
2019-03-05,2.7169,2.433
2019-03-06,2.6934,2.4508
2019-03-07,2.6393,2.4455
2019-03-08,2.6285,2.4398
2019-03-11,2.6393,2.4269
2019-03-12,2.6015,2.4407
2019-03-13,2.6213,2.4379
2019-03-14,2.6303,2.4352
2019-03-15,2.5871,2.4347
2019-03-18,2.6033,2.432
2019-03-19,2.6123,2.4432
2019-03-20,2.5263,2.4533
2019-03-21,2.5369,2.4583
2019-03-22,2.439,2.4424
2019-03-25,2.3983,2.4422
2019-03-26,2.423,2.4484
2019-03-27,2.3665,2.42
2019-03-28,2.3946,2.4147
2019-03-29,2.405,2.3809
2019-04-01,2.5009,2.3781
2019-04-02,2.4741,2.41
2019-04-03,2.5241,2.4201
2019-04-04,2.5151,2.4225
2019-04-05,2.4954,2.422
2019-04-08,2.5222,2.4116
2019-04-09,2.5006,2.4047
2019-04-10,2.4649,2.4097
2019-04-11,2.497,2.4172
2019-04-12,2.5651,2.4219
2019-04-15,2.5543,2.4012
2019-04-16,2.5904,2.4201
2019-04-17,2.594,2.4277
2019-04-18,2.5596,2.4116
2019-04-19,2.5596,2.4116
2019-04-22,2.5885,2.4217
2019-04-23,2.565,2.4227
2019-04-24,2.5181,2.4174
2019-04-25,2.5325,2.4121
2019-04-26,2.4982,2.4091
2019-04-29,2.5252,2.4063
2019-04-30,2.5018,2.4099
2019-05-01,2.4999,2.4071
2019-05-02,2.5414,2.4172
2019-05-03,2.525,2.4168
2019-05-06,2.4692,2.4115
2019-05-07,2.4566,2.4124
2019-05-08,2.4835,2.4225
2019-05-09,2.4423,2.4172
2019-05-10,2.4672,2.4168
2019-05-13,2.4015,2.3961
2019-05-14,2.4104,2.3919
2019-05-15,2.3732,2.3917
2019-05-16,2.3944,2.3865
2019-05-17,2.3909,2.3732
2019-05-20,2.4157,2.3653
2019-05-21,2.4264,2.3663
2019-05-22,2.382,2.3661
2019-05-23,2.3185,2.3506
2019-05-24,2.3202,2.3371
2019-05-27,2.3202,2.3371
2019-05-28,2.2658,2.3396
2019-05-29,2.2605,2.3481
2019-05-30,2.2133,2.3634
2019-05-31,2.1246,2.3399
2019-06-03,2.071,2.3243
2019-06-04,2.1296,2.3342
2019-06-05,2.1348,2.3366
2019-06-06,2.1174,2.3056
2019-06-07,2.0809,2.2666
2019-06-10,2.1484,2.2716
2019-06-11,2.1431,2.2457
2019-06-12,2.1205,2.2148
2019-06-13,2.0945,2.1686
2019-06-14,2.0804,2.1682
2019-06-17,2.0942,2.1783
2019-06-18,2.0595,2.2108
2019-06-19,2.0233,2.1592
2019-06-20,2.0284,2.1283
2019-06-21,2.054,2.0997
2019-06-24,2.0143,2.1047
2019-06-25,1.985,2.1208
2019-06-26,2.0468,2.1387
2019-06-27,2.014,2.1334
2019-06-28,2.0051,2.0868
2019-07-01,2.024,2.1073
2019-07-02,1.974,2.1722
2019-07-03,1.9498,2.2028
2019-07-04,1.9498,2.2028
2019-07-05,2.0338,2.2152
2019-07-08,2.0476,2.2305
2019-07-09,2.0648,2.2355
2019-07-10,2.0613,2.1687
2019-07-11,2.1378,2.1404
2019-07-12,2.1219,2.1298
2019-07-15,2.0887,2.1271
2019-07-16,2.1026,2.144
2019-07-17,2.0451,2.113
2019-07-18,2.0242,2.0204
2019-07-19,2.0552,2.0637
2019-07-22,2.0464,2.0662
2019-07-23,2.0812,2.0412
2019-07-24,2.0428,2.0925
2019-07-25,2.081,2.1
2019-07-26,2.0703,2.1125
2019-07-29,2.065,2.0996
2019-07-30,2.058,2.0592
2019-07-31,2.0144,2.0616
2019-08-01,1.8935,2.0744
2019-08-02,1.8452,2.0483
2019-08-05,1.7075,1.9969
2019-08-06,1.7023,2.028
2019-08-07,1.7342,2.0125
2019-08-08,1.7172,2.0072
2019-08-09,1.7447,1.9864
2019-08-12,1.6454,1.9684
2019-08-13,1.7035,1.9873
2019-08-14,1.5792,1.9384
2019-08-15,1.5269,1.8793
2019-08-16,1.5538,1.8585
2019-08-19,1.6063,1.8943
2019-08-20,1.5555,1.9
2019-08-21,1.5893,1.9718
2019-08-22,1.6131,1.9819
2019-08-23,1.5351,1.9534
2019-08-26,1.5351,1.9764
2019-08-27,1.4711,1.9694
2019-08-28,1.4794,1.9796
2019-08-29,1.4945,1.9795
2019-08-30,1.4961,1.9765
2019-09-02,1.4961,1.9765
2019-09-03,1.4573,1.9507
2019-09-04,1.4657,1.9434
2019-09-05,1.5586,1.9509
2019-09-06,1.5602,1.9481
2019-09-09,1.6438,1.948
2019-09-10,1.7316,1.9334
2019-09-11,1.7385,1.9436
2019-09-12,1.7715,1.9511
2019-09-13,1.8958,1.956
2019-09-16,1.8467,1.9764
2019-09-17,1.8013,1.9719
2019-09-18,1.7961,1.9307
2019-09-19,1.784,1.9178
2019-09-20,1.7215,1.897
2019-09-23,1.7267,1.8892
2019-09-24,1.6456,1.9026
2019-09-25,1.7372,1.882
2019-09-26,1.6921,1.8024
2019-09-27,1.6801,1.779
2019-09-30,1.6646,1.8071
2019-10-01,1.6353,1.7618
2019-10-02,1.5992,1.7387
2019-10-03,1.5341,1.6901
2019-10-04,1.529,1.6873
2019-10-07,1.558,1.7025
2019-10-08,1.5289,1.6667
2019-10-09,1.5836,1.6743
2019-10-10,1.6681,1.6639
2019-10-11,1.729,1.6611
2019-10-14,1.729,1.6611
2019-10-15,1.771,1.6482
2019-10-16,1.7395,1.6512
2019-10-17,1.7518,1.6639
2019-10-18,1.7536,1.656
2019-10-21,1.7993,1.6508
2019-10-22,1.7607,1.6385
2019-10-23,1.7642,1.6512
2019-10-24,1.766,1.6614
2019-10-25,1.7943,1.6612
2019-10-28,1.842,1.6278
2019-10-29,1.8385,1.6008
2019-10-30,1.7715,1.5726
2019-10-31,1.691,1.524
2019-11-01,1.7103,1.5136
2019-11-04,1.777,1.5289
2019-11-05,1.8584,1.536
2019-11-06,1.8283,1.541
2019-11-07,1.9173,1.5538
2019-11-08,1.9417,1.5433
2019-11-11,1.9417,1.5433
2019-11-12,1.9347,1.5637
2019-11-13,1.886,1.5641
2019-11-14,1.8186,1.5615
2019-11-15,1.8308,1.5613
2019-11-18,1.8153,1.5535
2019-11-19,1.7826,1.5539
2019-11-20,1.7449,1.5564
2019-11-21,1.7723,1.564
2019-11-22,1.7706,1.5766
2019-11-25,1.7551,1.5817
2019-11-26,1.7414,1.5778
2019-11-27,1.7654,1.5853
2019-11-28,1.7654,1.5853
2019-11-29,1.7758,1.5672
2019-12-02,1.8189,1.5493
2019-12-03,1.7157,1.559
2019-12-04,1.774,1.5359
2019-12-05,1.8103,1.5256
2019-12-06,1.8363,1.5049
2019-12-09,1.819,1.533
2019-12-10,1.8416,1.5411
2019-12-11,1.7914,1.5615
2019-12-12,1.8922,1.5461
2019-12-13,1.8226,1.5562
2019-12-16,1.8713,1.5484
2019-12-17,1.8801,1.5386
2019-12-18,1.9169,1.5513
2019-12-19,1.9204,1.5615
2019-12-20,1.9171,1.5613
2019-12-23,1.9294,1.5561
2019-12-24,1.8996,1.5667
2019-12-25,1.8996,1.5667
2019-12-26,1.8944,1.564
2019-12-27,1.8752,1.551
2019-12-30,1.8788,1.5202
2019-12-31,1.9175,1.5436
2020-01-01,1.9175,1.5436
2020-01-02,1.8771,1.5256
2020-01-03,1.7881,1.5075
2020-01-06,1.809,1.5177
2020-01-07,1.8177,1.5104
2020-01-08,1.8738,1.5257
2020-01-09,1.8545,1.5231
2020-01-10,1.8196,1.5305
2020-01-13,1.8459,1.5356
2020-01-14,1.8109,1.5514
2020-01-15,1.783,1.5564
2020-01-16,1.8074,1.5461
2020-01-17,1.8215,1.5535
2020-01-20,1.8215,1.5535
2020-01-21,1.7743,1.533
2020-01-22,1.7691,1.5436
2020-01-23,1.7325,1.5487
2020-01-24,1.6839,1.5254
2020-01-27,1.608,1.533
2020-01-28,1.6562,1.5462
2020-01-29,1.5839,1.541
2020-01-30,1.5856,1.5512
2020-01-31,1.5068,1.5382
2020-02-03,1.5272,1.5535
2020-02-04,1.5991,1.5462
2020-02-05,1.6508,1.5487
2020-02-06,1.6422,1.5589
2020-02-07,1.5834,1.5357
2020-02-10,1.5696,1.5433
2020-02-11,1.6006,1.559
2020-02-12,1.6333,1.5692
2020-02-13,1.6173,1.5717
2020-02-14,1.5848,1.5689
2020-02-17,1.5848,1.5689
2020-02-18,1.561,1.5688
2020-02-19,1.5661,1.5692
2020-02-20,1.5152,1.5717
2020-02-21,1.4713,1.5459
2020-02-24,1.3705,1.5254
2020-02-25,1.3521,1.5104
2020-02-26,1.3371,1.5078
2020-02-27,1.2607,1.4207
2020-02-28,1.1486,1.267
2020-03-02,1.1632,1.1877
2020-03-03,0.999,0.9197
2020-03-04,1.0522,0.7104
2020-03-05,0.912,0.6109
2020-03-06,0.7623,0.4504
2020-03-09,0.5407,0.3409
2020-03-10,0.803,0.4326
2020-03-11,0.8695,0.3943
2020-03-12,0.8042,0.3027
2020-03-13,0.9603,0.2441
2020-03-16,0.7182,0.1933
2020-03-17,1.0784,0.1373
2020-03-18,1.1915,-0.0127
2020-03-19,1.1404,-0.0254
2020-03-20,0.8454,-0.033
2020-03-23,0.7863,-0.0356
2020-03-24,0.8466,-0.0381
2020-03-25,0.8673,-0.0813
2020-03-26,0.8447,-0.1372
2020-03-27,0.6746,-0.0381
2020-03-30,0.7264,0.0102
2020-03-31,0.6695,0.061
2020-04-01,0.5832,0.0381
2020-04-02,0.597,0.0458
2020-04-03,0.5948,0.0585
2020-04-06,0.6698,0.0534
2020-04-07,0.7122,0.1144
2020-04-08,0.7722,0.1627
2020-04-09,0.7191,0.1933
2020-04-10,0.7191,0.1933
2020-04-13,0.7713,0.1933
2020-04-14,0.752,0.1373
2020-04-15,0.6316,0.117
2020-04-16,0.6267,0.1119
2020-04-17,0.6417,0.0864
2020-04-20,0.6053,0.0712
2020-04-21,0.5691,0.0864
2020-04-22,0.619,0.0915
2020-04-23,0.6015,0.0966
2020-04-24,0.6008,0.0991
2020-04-27,0.6605,0.0915
2020-04-28,0.6129,0.0864
2020-04-29,0.6269,0.0788
2020-04-30,0.6393,0.0788
2020-05-01,0.6118,0.0991
2020-05-04,0.6336,0.0991
2020-05-05,0.6619,0.0966
2020-05-06,0.703,0.1068
2020-05-07,0.6409,0.0839
2020-05-08,0.6831,0.0941
2020-05-11,0.7099,0.1042
2020-05-12,0.6651,0.1195
2020-05-13,0.6525,0.1093
2020-05-14,0.6218,0.1093
2020-05-15,0.6428,0.0991
2020-05-18,0.7257,0.1042
2020-05-19,0.6882,0.1144
2020-05-20,0.6801,0.1144
2020-05-21,0.672,0.1068
2020-05-22,0.6591,0.1144
2020-05-25,0.6591,0.1144
2020-05-26,0.6965,0.1169
2020-05-27,0.6819,0.1398
2020-05-28,0.69,0.1424
2020-05-29,0.6526,0.1246
2020-06-01,0.6591,0.1246
2020-06-02,0.6852,0.1395
2020-06-03,0.7458,0.1471
2020-06-04,0.8234,0.142
2020-06-05,0.8951,0.1471
2020-06-08,0.8752,0.1572
2020-06-09,0.8253,0.1576
2020-06-10,0.7263,0.1653
2020-06-11,0.669,0.1602
2020-06-12,0.7034,0.15
2020-06-15,0.7215,0.1526
2020-06-16,0.7528,0.1521
2020-06-17,0.738,0.1471
2020-06-18,0.7084,0.1445
2020-06-19,0.6937,0.1471
2020-06-22,0.7085,0.1395
2020-06-23,0.7118,0.1344
2020-06-24,0.679,0.1369
2020-06-25,0.6856,0.1369
2020-06-26,0.6413,0.1369
2020-06-29,0.6234,0.1217
2020-06-30,0.6561,0.1293
2020-07-01,0.6758,0.1293
2020-07-02,0.6693,0.1369
2020-07-03,0.6693,0.1369
2020-07-06,0.6759,0.1369
2020-07-07,0.6397,0.1398
2020-07-08,0.6644,0.1348
2020-07-09,0.6135,0.1246
2020-07-10,0.6447,0.1246
2020-07-13,0.6184,0.1271
2020-07-14,0.6233,0.1318
2020-07-15,0.6299,0.1268
2020-07-16,0.6168,0.104
2020-07-17,0.6266,0.1039
2020-07-20,0.6102,0.109
2020-07-21,0.6004,0.109
2020-07-22,0.5971,0.1116
2020-07-23,0.5774,0.1014
2020-07-24,0.5888,0.1039
2020-07-27,0.6151,0.0963
2020-07-28,0.579,0.0989
2020-07-29,0.5741,0.0963
2020-07-30,0.5462,0.0862
2020-07-31,0.5282,0.0837
2020-08-03,0.5543,0.0837
2020-08-04,0.5069,0.0864
2020-08-05,0.5477,0.0941
2020-08-06,0.5362,0.0864
2020-08-07,0.564,0.089
2020-08-10,0.5755,0.0915
2020-08-11,0.6415,0.0989
2020-08-12,0.6747,0.0938
2020-08-13,0.7208,0.0938
2020-08-14,0.7094,0.0887
2020-08-17,0.6882,0.0862
2020-08-18,0.6687,0.0913
2020-08-19,0.6801,0.0938
2020-08-20,0.6509,0.0887
2020-08-21,0.6282,0.0887
2020-08-24,0.6542,0.0862
2020-08-25,0.6835,0.0887
2020-08-26,0.6884,0.0913
2020-08-27,0.7522,0.0938
2020-08-28,0.7211,0.0963
2020-08-31,0.7048,0.0938
2020-09-01,0.6689,0.0991
2020-09-02,0.6477,0.0991
2020-09-03,0.6347,0.0991
2020-09-04,0.718,0.0991
2020-09-07,0.718,0.0991
2020-09-08,0.6788,0.1093
2020-09-09,0.7001,0.1014
2020-09-10,0.6772,0.104
2020-09-11,0.6658,0.109
2020-09-14,0.6723,0.1039
2020-09-15,0.6789,0.0989
2020-09-16,0.6969,0.0938
2020-09-17,0.6887,0.0837
2020-09-18,0.6937,0.0811
2020-09-21,0.6658,0.0786
2020-09-22,0.6708,0.0862
2020-09-23,0.6724,0.0887
2020-09-24,0.6659,0.0913
2020-09-25,0.6544,0.0913
2020-09-28,0.6528,0.0887
2020-09-29,0.6495,0.0864
2020-09-30,0.684,0.0915
2020-10-01,0.6774,0.0864
2020-10-02,0.7005,0.0864
2020-10-05,0.7817,0.0864
2020-10-06,0.7353,0.0837
2020-10-07,0.7868,0.0913
2020-10-08,0.7852,0.0887
2020-10-09,0.7737,0.0938
2020-10-12,0.7737,0.0938
2020-10-13,0.7272,0.0887
2020-10-14,0.7256,0.0989
2020-10-15,0.7322,0.0938
2020-10-16,0.7456,0.0913
2020-10-19,0.769,0.0887
2020-10-20,0.7857,0.0862
2020-10-21,0.8226,0.0887
2020-10-22,0.8562,0.0887
2020-10-23,0.8429,0.0862
2020-10-26,0.801,0.0761
2020-10-27,0.7676,0.089
2020-10-28,0.771,0.0864
2020-10-29,0.823,0.0864
2020-10-30,0.8737,0.0864
2020-11-02,0.8434,0.0864
2020-11-03,0.8993,0.0887
2020-11-04,0.7629,0.0862
2020-11-05,0.7629,0.0862
2020-11-06,0.8185,0.0862
2020-11-09,0.9235,0.0887
2020-11-10,0.9595,0.0887
2020-11-11,0.9753,0.0887
2020-11-12,0.8815,0.0862
2020-11-13,0.8963,0.0837
2020-11-16,0.9061,0.0761
2020-11-17,0.857,0.0786
2020-11-18,0.8701,0.071
2020-11-19,0.8293,0.0583
2020-11-20,0.8243,0.0634
2020-11-23,0.8537,0.0659
2020-11-24,0.8799,0.0737
2020-11-25,0.8816,0.0788
2020-11-26,0.8816,0.0788
2020-11-27,0.8373,0.0737
2020-11-30,0.8389,0.0712
2020-12-01,0.926,0.0761
2020-12-02,0.936,0.0761
2020-12-03,0.9063,0.0761
2020-12-04,0.9659,0.0735
2020-12-07,0.9228,0.0684
2020-12-08,0.9179,0.0684
2020-12-09,0.9361,0.071
2020-12-10,0.9063,0.071
2020-12-11,0.8964,0.0634
2020-12-14,0.8931,0.0634
2020-12-15,0.908,0.0659
2020-12-16,0.9163,0.0761
2020-12-17,0.9329,0.0811
2020-12-18,0.9462,0.0811
2020-12-21,0.9346,0.0811
2020-12-22,0.9164,0.0761
2020-12-23,0.943,0.0786
2020-12-24,0.9231,0.0811
2020-12-25,0.9231,0.0811
2020-12-28,0.9231,0.0837
2020-12-29,0.9364,0.0862
2020-12-30,0.9231,0.071
2020-12-31,0.9132,0.0583
2021-01-01,0.9132,0.0583
2021-01-04,0.9132,0.0634
2021-01-05,0.9549,0.0761
2021-01-06,1.0355,0.0811
2021-01-07,1.0795,0.0786
2021-01-08,1.1153,0.071
2021-01-11,1.146,0.0811
2021-01-12,1.1291,0.0761
2021-01-13,1.0832,0.0811
2021-01-14,1.1292,0.0735
2021-01-15,1.0835,0.0761
2021-01-18,1.0835,0.0761
2021-01-19,1.0886,0.071
2021-01-20,1.0802,0.0735
2021-01-21,1.1058,0.071
2021-01-22,1.0855,0.071
2021-01-25,1.0295,0.0684
2021-01-26,1.0347,0.0634
2021-01-27,1.0161,0.0608
2021-01-28,1.0449,0.0532
2021-01-29,1.0655,0.0482
2021-02-01,1.0792,0.0482
2021-02-02,1.0963,0.0456
2021-02-03,1.1374,0.0406
2021-02-04,1.1392,0.0228
2021-02-05,1.1635,0.0203
2021-02-08,1.1705,0.0253
2021-02-09,1.1568,0.0253
2021-02-10,1.1225,0.038
2021-02-11,1.1632,0.0355
2021-02-12,1.2082,0.0355
2021-02-15,1.2082,0.0355
2021-02-16,1.3141,0.033
2021-02-17,1.2703,0.033
2021-02-18,1.2956,0.0279
2021-02-19,1.3364,0.0279
2021-02-22,1.3653,0.0279
2021-02-23,1.3416,0.0228
2021-02-24,1.3756,0.0304
2021-02-25,1.5199,0.033
2021-02-26,1.4049,0.033
2021-03-01,1.417,0.033
2021-03-02,1.3914,0.0304
2021-03-03,1.4808,0.0355
2021-03-04,1.564,0.0304
2021-03-05,1.5661,0.0253
2021-03-08,1.5907,0.033
2021-03-09,1.5263,0.0279
2021-03-10,1.5178,0.0304
2021-03-11,1.537,0.0279
2021-03-12,1.6247,0.0203
2021-03-15,1.6055,0.0127
2021-03-16,1.6179,0.0127
2021-03-17,1.6427,0.0025
2021-03-18,1.7082,-0.0025
2021-03-19,1.721,-0.0025
2021-03-22,1.6946,0.0025
2021-03-23,1.6206,0.0025
2021-03-24,1.6084,0.0152
2021-03-25,1.6332,0.0152
2021-03-26,1.676,0.0152
2021-03-29,1.7081,0.0101
2021-03-30,1.7029,0.0101
2021-03-31,1.7404,0.0152
2021-04-01,1.6699,0.0127
2021-04-02,1.7216,0.0127
2021-04-05,1.7003,0.0152
2021-04-06,1.656,0.0152
2021-04-07,1.6739,0.0101
2021-04-08,1.6192,0.0101
2021-04-09,1.6585,0.0076
2021-04-12,1.6657,0.0076
2021-04-13,1.6145,0.0101
2021-04-14,1.6323,0.0152
2021-04-15,1.5759,0.0051
2021-04-16,1.5798,0.0101
2021-04-19,1.6047,0.0152
2021-04-20,1.5589,0.0127
2021-04-21,1.5555,0.0127
2021-04-22,1.538,0.0152
2021-04-23,1.5577,0.0152
2021-04-26,1.5667,0.0076
2021-04-27,1.6216,0.0025
2021-04-28,1.6094,0.0025
2021-04-29,1.6343,0.0025
2021-04-30,1.6259,0.0025
2021-05-03,1.5976,0.0051
2021-05-04,1.5924,0.0076
2021-05-05,1.566,0.0101
2021-05-06,1.5696,0.0101
2021-05-07,1.5771,0.0051
2021-05-10,1.602,-0.0025
2021-05-11,1.6217,0.0051
2021-05-12,1.6916,0.0051
2021-05-13,1.6574,0.0076
2021-05-14,1.6284,-0.0025
2021-05-17,1.6488,0.0051
2021-05-18,1.6369,0.0025
2021-05-19,1.671,0.0025
2021-05-20,1.625,0.0025
2021-05-21,1.6216,-0.0025
2021-05-24,1.6012,0.0025
2021-05-25,1.5588,0.0076
2021-05-26,1.5757,0.0051
2021-05-27,1.6062,0.0025
2021-05-28,1.5943,0.0025
2021-05-31,1.5943,0.0025
2021-06-01,1.6062,0.0076
2021-06-02,1.5875,0.0127
2021-06-03,1.625,0.0127
2021-06-04,1.5534,0.0127
2021-06-07,1.5687,0.0177
2021-06-08,1.5331,0.0228
2021-06-09,1.4908,0.0177
2021-06-10,1.4318,0.0203
2021-06-11,1.4518,0.0203
2021-06-14,1.494,0.0127
2021-06-15,1.4922,0.0127
2021-06-16,1.5754,0.0228
2021-06-17,1.504,0.0253
2021-06-18,1.4381,0.0279
2021-06-21,1.4886,0.0304
2021-06-22,1.4632,0.0304
2021-06-23,1.4852,0.0355
2021-06-24,1.4919,0.0431
2021-06-25,1.5241,0.0431
2021-06-28,1.4765,0.0406
2021-06-29,1.4697,0.0406
2021-06-30,1.468,0.0406
2021-07-01,1.4578,0.0406
2021-07-02,1.4238,0.038
2021-07-05,1.4238,0.038
2021-07-06,1.3481,0.0431
2021-07-07,1.3163,0.0456
2021-07-08,1.2928,0.0456
2021-07-09,1.3595,0.0431
2021-07-12,1.3645,0.0456
2021-07-13,1.4166,0.0406
2021-07-14,1.3459,0.0431
2021-07-15,1.2989,0.038
2021-07-16,1.2903,0.0431
2021-07-19,1.1888,0.0355
2021-07-20,1.2218,0.0406
2021-07-21,1.2884,0.0431
2021-07-22,1.2783,0.0406
2021-07-23,1.2763,0.0431
2021-07-26,1.2896,0.0406
2021-07-27,1.2411,0.0406
2021-07-28,1.2327,0.0456
2021-07-29,1.2693,0.0431
2021-07-30,1.2223,0.0406
2021-08-02,1.1773,0.0406
2021-08-03,1.1722,0.0406
2021-08-04,1.182,0.0456
2021-08-05,1.2235,0.0456
2021-08-06,1.2969,0.0431
2021-08-09,1.3237,0.0456
2021-08-10,1.349,0.0431
2021-08-11,1.3303,0.0507
2021-08-12,1.359,0.0431
2021-08-13,1.2767,0.0456
2021-08-16,1.265,0.0608
2021-08-17,1.2617,0.0608
2021-08-18,1.2583,0.0532
2021-08-19,1.2433,0.0456
2021-08-20,1.255,0.0431
2021-08-23,1.2517,0.0406
2021-08-24,1.2935,0.038
2021-08-25,1.339,0.0456
2021-08-26,1.3491,0.0431
2021-08-27,1.307,0.0456
2021-08-30,1.2785,0.0406
2021-08-31,1.3088,0.0355
2021-09-01,1.2936,0.0355
2021-09-02,1.2835,0.0406
2021-09-03,1.3223,0.033
2021-09-06,1.3223,0.033
2021-09-07,1.3732,0.033
2021-09-08,1.3376,0.038
2021-09-09,1.2971,0.0355
2021-09-10,1.3411,0.038
2021-09-13,1.3259,0.033
2021-09-14,1.2836,0.0304
2021-09-15,1.2988,0.033
2021-09-16,1.3378,0.0279
2021-09-17,1.3616,0.0304
2021-09-20,1.3107,0.0203
2021-09-21,1.3226,0.0203
2021-09-22,1.3006,0.0253
2021-09-23,1.4301,0.0228
2021-09-24,1.4509,0.0253
2021-09-27,1.4871,0.0228
2021-09-28,1.5374,0.0253
2021-09-29,1.5167,0.0304
2021-09-30,1.4873,0.033
2021-10-01,1.4616,0.0304
2021-10-04,1.4789,0.0253
2021-10-05,1.5258,0.0355
2021-10-06,1.5206,0.0406
2021-10-07,1.5729,0.0431
2021-10-08,1.6118,0.0456
2021-10-11,1.6118,0.0456
2021-10-12,1.5769,0.0406
2021-10-13,1.5368,0.0406
2021-10-14,1.5107,0.0355
2021-10-15,1.5703,0.0431
2021-10-18,1.6002,0.0406
2021-10-19,1.6372,0.0406
2021-10-20,1.6567,0.0431
2021-10-21,1.7011,0.0456
2021-10-22,1.6324,0.0507
2021-10-25,1.6307,0.0482
2021-10-26,1.6079,0.0482
2021-10-27,1.5413,0.0482
2021-10-28,1.58,0.0456
2021-10-29,1.5521,0.0482
2021-11-01,1.5557,0.0406
2021-11-02,1.5488,0.0406
2021-11-03,1.6034,0.0406
2021-11-04,1.5262,0.033
2021-11-05,1.4513,0.038
2021-11-08,1.4897,0.0355
2021-11-09,1.4358,0.038
2021-11-10,1.5493,0.0431
2021-11-11,1.5493,0.0431
2021-11-12,1.5613,0.0406
2021-11-15,1.6145,0.0431
2021-11-16,1.6335,0.038
2021-11-17,1.5889,0.0406
2021-11-18,1.5855,0.0482
2021-11-19,1.5462,0.0406
2021-11-22,1.6236,0.0406
2021-11-23,1.6651,0.0406
2021-11-24,1.6341,0.0532
2021-11-25,1.6341,0.0532
2021-11-26,1.4731,0.038
2021-11-29,1.4987,0.038
2021-11-30,1.4443,0.0456
2021-12-01,1.4037,0.0406
2021-12-02,1.4443,0.0355
2021-12-03,1.343,0.0431
2021-12-06,1.4342,0.038
2021-12-07,1.4733,0.0558
2021-12-08,1.5212,0.0583
2021-12-09,1.499,0.0482
2021-12-10,1.4837,0.0482
2021-12-13,1.4156,0.0456
2021-12-14,1.4411,0.038
2021-12-15,1.4565,0.038
2021-12-16,1.4106,0.0304
2021-12-17,1.4021,0.0304
2021-12-20,1.4225,0.038
2021-12-21,1.4617,0.0507
2021-12-22,1.4515,0.0583
2021-12-23,1.4927,0.0558
2021-12-24,1.4927,0.0558
2021-12-27,1.4756,0.0406
2021-12-28,1.4807,0.0431
2021-12-29,1.5496,0.038
2021-12-30,1.5083,0.0304
2021-12-31,1.5101,0.0304
2022-01-03,1.628,0.0532
2022-01-04,1.6473,0.0735
2022-01-05,1.7052,0.0837
2022-01-06,1.7211,0.0913
2022-01-07,1.762,0.0913
2022-01-10,1.7603,0.0862
2022-01-11,1.7357,0.109
2022-01-12,1.7428,0.1141
2022-01-13,1.7041,0.1141
2022-01-14,1.7841,0.1116
2022-01-17,1.7841,0.1116
2022-01-18,1.8735,0.1242
2022-01-19,1.8646,0.1648
2022-01-20,1.804,0.1648
2022-01-21,1.7581,0.1597
2022-01-24,1.7706,0.1547
2022-01-25,1.7689,0.1775
2022-01-26,1.8637,0.1851
2022-01-27,1.7994,0.1902
2022-01-28,1.7694,0.175
2022-01-31,1.7767,0.18
2022-02-01,1.7875,0.1902
2022-02-02,1.7751,0.1851
2022-02-03,1.8306,0.1902
2022-02-04,1.9085,0.2232
2022-02-07,1.9159,0.2105
2022-02-08,1.9632,0.2612
2022-02-09,1.9415,0.2689
2022-02-10,2.0294,0.3704
2022-02-11,1.9371,0.3399
2022-02-14,1.9875,0.3679
2022-02-15,2.0434,0.3806
2022-02-16,2.0382,0.3653
2022-02-17,1.9615,0.3374
2022-02-18,1.9286,0.3196
2022-02-21,1.9286,0.3196
2022-02-22,1.939,0.3272
2022-02-23,1.9912,0.345
2022-02-24,1.9633,0.3019
2022-02-25,1.9617,0.2917
2022-02-28,1.825,0.2917
2022-03-01,1.7275,0.3019
2022-03-02,1.8767,0.3247
2022-03-03,1.8405,0.3247
2022-03-04,1.7307,0.3095
2022-03-07,1.7734,0.312
2022-03-08,1.8456,0.3399
2022-03-09,1.9531,0.3577
2022-03-10,1.9864,0.3577
2022-03-11,1.9917,0.3552
2022-03-14,2.133,0.3805
2022-03-15,2.1437,0.4339
2022-03-16,2.1849,0.3831
2022-03-17,2.1706,0.3755
2022-03-18,2.1494,0.3653
2022-03-21,2.2896,0.4263
2022-03-22,2.3825,0.4669
2022-03-23,2.2917,0.4441
2022-03-24,2.3718,0.472
2022-03-25,2.4731,0.5203
2022-03-28,2.4585,0.5279
2022-03-29,2.3944,0.5178
2022-03-30,2.3488,0.5178
2022-03-31,2.338,0.4822
2022-04-01,2.3822,0.5101
2022-04-04,2.3951,0.5431
2022-04-05,2.5469,0.6194
2022-04-06,2.5975,0.6601
2022-04-07,2.6578,0.6703
2022-04-08,2.7,0.6804
2022-04-11,2.7801,0.6931
2022-04-12,2.7213,0.7034
2022-04-13,2.6987,0.7364
2022-04-14,2.8275,0.7491
2022-04-15,2.8275,0.7491
2022-04-18,2.8527,0.7592
2022-04-19,2.9361,0.7899
2022-04-20,2.832,0.8077
2022-04-21,2.9095,0.7873
2022-04-22,2.8987,0.7669
2022-04-25,2.8198,0.7923
2022-04-26,2.7205,0.7797
2022-04-27,2.8318,0.8153
2022-04-28,2.8224,0.8026
2022-04-29,2.9336,0.8229
2022-05-02,2.9807,0.7694
2022-05-03,2.9712,0.8942
2022-05-04,2.9344,0.8509
2022-05-05,3.0365,0.8102
2022-05-06,3.1265,0.8127
2022-05-09,3.0338,0.7999
2022-05-10,2.9908,0.8764
2022-05-11,2.9207,0.8866
2022-05-12,2.8479,0.9273
2022-05-13,2.9185,0.9425
2022-05-16,2.8822,0.9807
2022-05-17,2.986,1.0394
2022-05-18,2.884,0.9986
2022-05-19,2.837,0.9833
2022-05-20,2.7811,1.0087
2022-05-23,2.8514,0.9858
2022-05-24,2.7506,1.0394
2022-05-25,2.7452,1.0394
2022-05-26,2.7469,1.0317
2022-05-27,2.7378,1.0316
2022-05-30,2.7378,1.0316
2022-05-31,2.8441,1.0392
2022-06-01,2.9058,1.1158
2022-06-02,2.9076,1.1158
2022-06-03,2.9332,1.131
2022-06-06,3.0399,1.1819
2022-06-07,2.9736,1.2459
2022-06-08,3.0215,1.2357
2022-06-09,3.0418,1.2535
2022-06-10,3.1555,1.3018
2022-06-13,3.3598,1.534
2022-06-14,3.4733,1.7337
2022-06-15,3.2839,1.5879
2022-06-16,3.1952,1.4908
2022-06-17,3.2256,1.5646
2022-06-20,3.2256,1.5646
2022-06-21,3.2749,1.5186
2022-06-22,3.1561,1.5266
2022-06-23,3.087,1.57
2022-06-24,3.1301,1.6311
2022-06-27,3.1997,1.6412
2022-06-28,3.1715,1.703
2022-06-29,3.0891,1.6748
2022-06-30,3.0129,1.6262
2022-07-01,2.8803,1.6387
2022-07-04,2.8803,1.6387
2022-07-05,2.8054,1.6692
2022-07-06,2.928,1.8359
2022-07-07,2.9945,1.8588
2022-07-08,3.0803,1.8841
2022-07-11,2.9928,1.9991
2022-07-12,2.9687,2.1483
2022-07-13,2.9336,2.3148
2022-07-14,2.9595,2.3249
2022-07-15,2.9152,2.2886
2022-07-18,2.9855,2.2936
2022-07-19,3.0209,2.4432
2022-07-20,3.0265,2.4405
2022-07-21,2.8747,2.4095
2022-07-22,2.7504,2.3783
2022-07-25,2.7959,2.4422
2022-07-26,2.8068,2.474
2022-07-27,2.7849,2.3687
2022-07-28,2.6759,2.3275
2022-07-29,2.6487,2.3168
2022-08-01,2.5732,2.309
2022-08-02,2.7483,2.4355
2022-08-03,2.7046,2.4328
2022-08-04,2.6883,2.3967
2022-08-05,2.8268,2.4706
2022-08-08,2.7572,2.4961
2022-08-09,2.7773,2.5613
2022-08-10,2.7809,2.5688
2022-08-11,2.8876,2.5147
2022-08-12,2.8312,2.5168
2022-08-15,2.7878,2.5371
2022-08-16,2.8041,2.587
2022-08-17,2.8968,2.6073
2022-08-18,2.8822,2.62
2022-08-19,2.9721,2.6451
2022-08-22,3.0146,2.6962
2022-08-23,3.0461,2.6694
2022-08-24,3.1039,2.736
2022-08-25,3.0258,2.7846
2022-08-26,3.0409,2.8173
2022-08-29,3.1024,2.8531
2022-08-30,3.1025,2.8568
2022-08-31,3.1926,2.9003
2022-09-01,3.2533,2.9077
2022-09-02,3.1894,2.8657
2022-09-05,3.1894,2.8657
2022-09-06,3.3492,2.9117
2022-09-07,3.2635,2.98
2022-09-08,3.317,3.0029
2022-09-09,3.3097,3.0073
2022-09-12,3.3578,3.0585
2022-09-13,3.408,3.1321
2022-09-14,3.4043,3.1653
2022-09-15,3.4489,3.1084
2022-09-16,3.4494,3.0922
2022-09-19,3.4905,3.1176
2022-09-20,3.563,3.181
2022-09-21,3.5299,3.2271
2022-09-22,3.7138,3.1728
2022-09-23,3.6846,3.1822
2022-09-26,3.9244,3.2205
2022-09-27,3.9451,3.2377
2022-09-28,3.7312,3.2786
2022-09-29,3.7856,3.2809
2022-09-30,3.8286,3.2466
2022-10-03,3.6387,3.2128
2022-10-04,3.6329,3.3511
2022-10-05,3.7528,3.3508
2022-10-06,3.8236,3.3685
2022-10-07,3.8814,3.3312
2022-10-10,3.8814,3.3312
2022-10-11,3.947,3.421
2022-10-12,3.8962,3.6009
2022-10-13,3.9435,3.6961
2022-10-14,4.0184,3.6975
2022-10-17,4.0104,3.7358
2022-10-18,4.0066,3.8725
2022-10-19,4.1335,3.9599
2022-10-20,4.2283,3.9621
2022-10-21,4.2167,3.9272
2022-10-24,4.2424,3.9965
2022-10-25,4.1021,3.9655
2022-10-26,4.0028,4.0013
2022-10-27,3.9187,4.0009
2022-10-28,4.0123,4.046
2022-10-31,4.0478,4.0559
2022-11-01,4.0419,4.0897
2022-11-02,4.1005,4.1229
2022-11-03,4.1469,4.1276
2022-11-04,4.1584,4.1003
2022-11-07,4.2135,4.074
2022-11-08,4.1234,4.1544
2022-11-09,4.0923,4.1875
2022-11-10,3.8125,4.1572
2022-11-11,3.8125,4.1572
2022-11-14,3.8536,4.1593
2022-11-15,3.7696,4.1207
2022-11-16,3.6899,4.2082
2022-11-17,3.7657,4.1974
2022-11-18,3.8288,4.2322
2022-11-21,3.8269,4.1774
2022-11-22,3.7559,4.1673
2022-11-23,3.6927,4.2207
2022-11-24,3.6927,4.2207
2022-11-25,3.6776,4.2606
2022-11-28,3.6812,4.2653
2022-11-29,3.7441,4.3019
2022-11-30,3.6054,4.3196
2022-12-01,3.5048,4.2673
2022-12-02,3.4862,4.2477
2022-12-05,3.5736,4.2575
2022-12-06,3.5314,4.2631
2022-12-07,3.4169,4.2626
2022-12-08,3.4819,4.2414
2022-12-09,3.5783,4.2632
2022-12-12,3.6113,4.2601
2022-12-13,3.5012,4.2994
2022-12-14,3.4774,4.3014
2022-12-15,3.4463,4.288
2022-12-16,3.4822,4.2503
2022-12-19,3.5846,4.2317
2022-12-20,3.6825,4.2527
2022-12-21,3.662,4.273
2022-12-22,3.6786,4.3061
2022-12-23,3.7472,4.2834
2022-12-26,3.7472,4.2834
2022-12-27,3.8411,4.2467
2022-12-28,3.8827,4.4361
2022-12-29,3.8145,4.376
2022-12-30,3.8748,4.3429
2023-01-02,3.8748,4.3429
2023-01-03,3.7389,4.3553
2023-01-04,3.6827,4.4828
2023-01-05,3.7181,4.5937
2023-01-06,3.558,4.579
2023-01-09,3.5321,4.5939
2023-01-10,3.6188,4.5845
2023-01-11,3.5392,4.6565
2023-01-12,3.44,4.5755
2023-01-13,3.5035,4.5732
2023-01-16,3.5035,4.5732
2023-01-17,3.5476,4.5778
2023-01-18,3.3698,4.6383
2023-01-19,3.3915,4.6377
2023-01-20,3.4787,4.6282
2023-01-23,3.5098,4.6483
2023-01-24,3.4527,4.6545
2023-01-25,3.4416,4.6643
2023-01-26,3.4947,4.6637
2023-01-27,3.5035,4.6645
2023-01-30,3.5366,4.6535
2023-01-31,3.5069,4.6415
2023-02-01,3.4166,4.6383
2023-02-02,3.3927,4.6118
2023-02-03,3.5246,4.636
2023-02-06,3.6399,4.625
2023-02-07,3.6735,4.6441
2023-02-08,3.6098,4.6902
2023-02-09,3.6579,4.7259
2023-02-10,3.732,4.7345
2023-02-13,3.7016,4.7468
2023-02-14,3.7435,4.7142
2023-02-15,3.8049,4.7499
2023-02-16,3.8608,4.783
2023-02-17,3.8148,4.7857
2023-02-20,3.8148,4.7857
2023-02-21,3.9525,4.7902
2023-02-22,3.9156,4.8174
2023-02-23,3.8768,4.8064
2023-02-24,3.9432,4.7811
2023-02-27,3.9141,4.7572
2023-02-28,3.92,4.7687
2023-03-01,3.9925,4.8485
2023-03-02,4.0556,4.8427
2023-03-03,3.9517,4.8408
2023-03-06,3.9577,4.8375
2023-03-07,3.9637,4.9063
2023-03-08,3.9913,4.9758
2023-03-09,3.9032,4.9491
2023-03-10,3.6987,4.8693
2023-03-13,3.5732,4.765
2023-03-14,3.6892,4.7557
2023-03-15,3.4548,4.6098
2023-03-16,3.577,4.5937
2023-03-17,3.4286,4.3356
2023-03-20,3.4847,4.5292
2023-03-21,3.6094,4.6156
2023-03-22,3.4341,4.6591
2023-03-23,3.4266,4.5963
2023-03-24,3.3762,4.6127
2023-03-27,3.5299,4.6509
2023-03-28,3.5696,4.6467
2023-03-29,3.5639,4.7239
2023-03-30,3.5488,4.7752
2023-03-31,3.4676,4.693
2023-04-03,3.4114,4.7183
2023-04-04,3.3387,4.7479
2023-04-05,3.3108,4.8174
2023-04-06,3.305,4.7941
2023-04-07,3.3906,4.752
2023-04-10,3.4168,4.962
2023-04-11,3.4262,4.9141
2023-04-12,3.3906,4.9446
2023-04-13,3.4449,4.9569
2023-04-14,3.5128,4.9861
2023-04-17,3.6004,4.9906
2023-04-18,3.5756,5.0701
2023-04-19,3.5908,5.0901
2023-04-20,3.5318,5.0582
2023-04-21,3.5718,5.0172
2023-04-24,3.4901,4.9672
2023-04-25,3.3996,5.0233
2023-04-26,3.4485,5.1083
2023-04-27,3.5204,5.144
2023-04-28,3.422,5.0302
2023-05-01,3.5681,5.0113
2023-05-02,3.4239,5.1065
2023-05-03,3.3356,5.1811
2023-05-04,3.3787,5.1986
2023-05-05,3.437,5.2016
2023-05-08,3.5072,5.2008
2023-05-09,3.5186,5.1819
2023-05-10,3.5091,5.2124
